{"extCodeMirrorConfig":{"pluginModules":["ext.CodeMirror.addons"],"tagModes":{"ref":"text/mediawiki","pre":"mw-tag-pre","nowiki":"mw-tag-nowiki"},"tags":{"pre":true,"nowiki":true,"gallery":true,"indicator":true,"langconvert":true,"timeline":true,"hiero":true,"source":true,"syntaxhighlight":true,"score":true,"templatestyles":true,"templatedata":true,"graph":true,"charinsert":true,"ref":true,"references":true,"inputbox":true,"imagemap":true,"poem":true,"categorytree":true,"section":true,"math":true,"ce":true,"chem":true,"maplink":true,"mapframe":true},"doubleUnderscore":[{"__bezsadržaja__":"notoc","__notoc__":"notoc","__bezgalerije__":"nogallery","__nogallery__":"nogallery","__uključisadržaj__":"forcetoc","__forcetoc__":"forcetoc","__sadržaj__":"toc","__toc__":"toc","__bezuređivanjaodlomaka__":"noeditsection","__noeditsection__":"noeditsection","__bezpretvaranjanaslova__":"notitleconvert"
,"__bpn__":"notitleconvert","__notitleconvert__":"notitleconvert","__notc__":"notitleconvert","__bezpretvaranjasadržaja__":"nocontentconvert","__bps__":"nocontentconvert","__nocontentconvert__":"nocontentconvert","__nocc__":"nocontentconvert"},{"__NOVIODLOMAKPOVEZNICA__":"newsectionlink","__NEWSECTIONLINK__":"newsectionlink","__NONEWSECTIONLINK__":"nonewsectionlink","__SKRIVENAKAT__":"hiddencat","__HIDDENCAT__":"hiddencat","__EXPECTUNUSEDCATEGORY__":"expectunusedcategory","__KAZALO__":"index","__INDEX__":"index","__BEZKAZALA__":"noindex","__NOINDEX__":"noindex","__NEPOMIČNOPREUSMJERAVANJE__":"staticredirect","__STATICREDIRECT__":"staticredirect","__NOGLOBAL__":"noglobal","__DISAMBIG__":"disambiguation","__EXPECTED_UNCONNECTED_PAGE__":"expectedUnconnectedPage"}],"functionSynonyms":[{"imp":"ns","ns":"ns","nse":"nse","urlkodiranje":"urlencode","urlencode":"urlencode","msprvo":"lcfirst","lcfirst":"lcfirst","vsprvo":"ucfirst","ucfirst":"ucfirst","ms":"lc","lc":"lc","vs":"uc","uc":"uc",
"mjesniurl":"localurl","localurl":"localurl","mjesniurle":"localurle","localurle":"localurle","puniurl":"fullurl","fullurl":"fullurl","puniurle":"fullurle","fullurle":"fullurle","canonicalurl":"canonicalurl","canonicalurle":"canonicalurle","oblikbroja":"formatnum","formatnum":"formatnum","gramatika":"grammar","grammar":"grammar","gender":"gender","množina":"plural","plural":"plural","bidi":"bidi","#jezik":"language","#language":"language","postavalijevo":"padleft","padleft":"padleft","postavadesno":"padright","padright":"padright","sidrokodiranje":"anchorencode","anchorencode":"anchorencode","putanjadatoteke":"filepath","filepath":"filepath","pageid":"pageid","int":"int","#posebno":"special","#special":"special","#speciale":"speciale","#oznaka":"tag","#tag":"tag","#formatdate":"formatdate","#dateformat":"formatdate","#target":"target","#babel":"babel","#coordinates":"coordinates","#invoke":"invoke","#related":"related","#if":"if","#ifeq":"ifeq","#switch":"switch","#ifexist":"ifexist",
"#ifexpr":"ifexpr","#iferror":"iferror","#time":"time","#timel":"timel","#expr":"expr","#rel2abs":"rel2abs","#titleparts":"titleparts","#categorytree":"categorytree","#lst":"lst","#section":"lst","#lstx":"lstx","#section-x":"lstx","#lsth":"lsth","#section-h":"lsth","noexternallanglinks":"noexternallanglinks","#property":"property","#statements":"statements","#commaseparatedlist":"commaSeparatedList","#mentor":"mentor","articlepath":"articlepath","server":"server","imeservera":"servername","servername":"servername","putanjaskripte":"scriptpath","scriptpath":"scriptpath","stylepath":"stylepath","numberofwikis":"numberofwikis","wbreponame":"wbreponame"},{"NUMBERINGROUP":"numberingroup","NUMINGROUP":"numberingroup","GLAVNIRASPORED":"defaultsort","DEFAULTSORT":"defaultsort","DEFAULTSORTKEY":"defaultsort","DEFAULTCATEGORYSORT":"defaultsort","STRANICEPOKATEGORIJI":"pagesincategory","STRANICEUKAT":"pagesincategory","PAGESINCATEGORY":"pagesincategory","PAGESINCAT":"pagesincategory",
"VELIČINASTRANICE":"pagesize","PAGESIZE":"pagesize","PROTECTIONLEVEL":"protectionlevel","PROTECTIONEXPIRY":"protectionexpiry","IMESTRANICE":"pagename","PAGENAME":"pagename","IMESTRANICEE":"pagenamee","PAGENAMEE":"pagenamee","PUNOIMESTRANICE":"fullpagename","FULLPAGENAME":"fullpagename","PUNOIMESTRANICEE":"fullpagenamee","FULLPAGENAMEE":"fullpagenamee","IMEPODSTRANICE":"subpagename","SUBPAGENAME":"subpagename","IMEPODSTRANICEE":"subpagenamee","SUBPAGENAMEE":"subpagenamee","ROOTPAGENAME":"rootpagename","ROOTPAGENAMEE":"rootpagenamee","IMEOSNOVNESTRANICE":"basepagename","BASEPAGENAME":"basepagename","IMEOSNOVNESTRANICEE":"basepagenamee","BASEPAGENAMEE":"basepagenamee","IMERAZGOVORASTRANICE":"talkpagename","TALKPAGENAME":"talkpagename","IMERAZGOVORASTRANICEE":"talkpagenamee","TALKPAGENAMEE":"talkpagenamee","IMEGLAVNESTRANICE":"subjectpagename","SUBJECTPAGENAME":"subjectpagename","ARTICLEPAGENAME":"subjectpagename","IMEGLAVNESTRANICEE":"subjectpagenamee","SUBJECTPAGENAMEE":
"subjectpagenamee","ARTICLEPAGENAMEE":"subjectpagenamee","IDIZMJENE":"revisionid","REVISIONID":"revisionid","DANIZMJENE":"revisionday","REVISIONDAY":"revisionday","DANIZMJENE2":"revisionday2","REVISIONDAY2":"revisionday2","MJESECIZMJENE":"revisionmonth","REVISIONMONTH":"revisionmonth","REVISIONMONTH1":"revisionmonth1","GODINAIZMJENE":"revisionyear","REVISIONYEAR":"revisionyear","VREMENSKAOZNAKAIZMJENE":"revisiontimestamp","REVISIONTIMESTAMP":"revisiontimestamp","REVISIONUSER":"revisionuser","CASCADINGSOURCES":"cascadingsources","IMENSKIPROSTOR":"namespace","NAMESPACE":"namespace","IMENSKIPROSTORE":"namespacee","NAMESPACEE":"namespacee","NAMESPACENUMBER":"namespacenumber","RAZGOVOR":"talkspace","TALKSPACE":"talkspace","RAZGOVORE":"talkspacee","TALKSPACEE":"talkspacee","PROSTORSTRANICE":"subjectspace","IMPSTRANICE":"subjectspace","SUBJECTSPACE":"subjectspace","ARTICLESPACE":"subjectspace","PROSTORSTRANICEE":"subjectspacee","IMPSTRANICEE":"subjectspacee","SUBJECTSPACEE":"subjectspacee",
"ARTICLESPACEE":"subjectspacee","BROJČLANAKA":"numberofarticles","NUMBEROFARTICLES":"numberofarticles","BROJDATOTEKA":"numberoffiles","NUMBEROFFILES":"numberoffiles","BROJSURADNIKA":"numberofusers","NUMBEROFUSERS":"numberofusers","BROJAKTIVNIHSURADNIKA":"numberofactiveusers","NUMBEROFACTIVEUSERS":"numberofactiveusers","BROJSTRANICA":"numberofpages","NUMBEROFPAGES":"numberofpages","BROJADMINA":"numberofadmins","NUMBEROFADMINS":"numberofadmins","BROJUREĐIVANJA":"numberofedits","NUMBEROFEDITS":"numberofedits","POKAŽINASLOV":"displaytitle","DISPLAYTITLE":"displaytitle","!":"!","=":"=","TRENUTAČNIMJESEC":"currentmonth","CURRENTMONTH":"currentmonth","CURRENTMONTH2":"currentmonth","TRENUTAČNIMJESEC1":"currentmonth1","CURRENTMONTH1":"currentmonth1","TRENUTAČNIMJESECIME":"currentmonthname","CURRENTMONTHNAME":"currentmonthname","TRENUTAČNIMJESECIMEGEN":"currentmonthnamegen","CURRENTMONTHNAMEGEN":"currentmonthnamegen","TRENUTAČNIMJESECKRAT":"currentmonthabbrev","CURRENTMONTHABBREV":
"currentmonthabbrev","TRENUTAČNIDAN":"currentday","CURRENTDAY":"currentday","TRENUTAČNIDAN2":"currentday2","CURRENTDAY2":"currentday2","TRENUTAČNIDANIME":"currentdayname","CURRENTDAYNAME":"currentdayname","TRENUTAČNAGODINA":"currentyear","CURRENTYEAR":"currentyear","TRENUTAČNOVRIJEME":"currenttime","CURRENTTIME":"currenttime","TRENUTAČNISAT":"currenthour","CURRENTHOUR":"currenthour","MJESNIMJESEC":"localmonth","LOCALMONTH":"localmonth","LOCALMONTH2":"localmonth","MJESNIMJESEC1":"localmonth1","LOCALMONTH1":"localmonth1","MJESNIMJESECIME":"localmonthname","LOCALMONTHNAME":"localmonthname","MJESNIMJESECIMEGEN":"localmonthnamegen","LOCALMONTHNAMEGEN":"localmonthnamegen","MJESNIMJESECKRAT":"localmonthabbrev","LOCALMONTHABBREV":"localmonthabbrev","MJESNIDAN":"localday","LOCALDAY":"localday","MJESNIDAN2":"localday2","LOCALDAY2":"localday2","MJESNIDANIME":"localdayname","LOCALDAYNAME":"localdayname","MJESNAGODINA":"localyear","LOCALYEAR":"localyear","MJESNOVRIJEME":"localtime",
"LOCALTIME":"localtime","MJESNISAT":"localhour","LOCALHOUR":"localhour","IMEPROJEKTA":"sitename","SITENAME":"sitename","TRENUTAČNITJEDAN":"currentweek","CURRENTWEEK":"currentweek","TRENUTAČNIDANTJEDNA":"currentdow","CURRENTDOW":"currentdow","MJESNITJEDAN":"localweek","LOCALWEEK":"localweek","MJESNIDANTJEDNA":"localdow","LOCALDOW":"localdow","REVISIONSIZE":"revisionsize","TRENUTAČNAIZMJENA":"currentversion","CURRENTVERSION":"currentversion","TRENUTAČNAOZNAKAVREMENA":"currenttimestamp","CURRENTTIMESTAMP":"currenttimestamp","MJESNAOZNAKAVREMENA":"localtimestamp","LOCALTIMESTAMP":"localtimestamp","DIRECTIONMARK":"directionmark","DIRMARK":"directionmark","JEZIKPROJEKTA":"contentlanguage","CONTENTLANGUAGE":"contentlanguage","CONTENTLANG":"contentlanguage","PAGELANGUAGE":"pagelanguage"}],"urlProtocols":
"bitcoin\\:|ftp\\:\\/\\/|ftps\\:\\/\\/|geo\\:|git\\:\\/\\/|gopher\\:\\/\\/|http\\:\\/\\/|https\\:\\/\\/|irc\\:\\/\\/|ircs\\:\\/\\/|magnet\\:|mailto\\:|mms\\:\\/\\/|news\\:|nntp\\:\\/\\/|redis\\:\\/\\/|sftp\\:\\/\\/|sip\\:|sips\\:|sms\\:|ssh\\:\\/\\/|svn\\:\\/\\/|tel\\:|telnet\\:\\/\\/|urn\\:|worldwind\\:\\/\\/|xmpp\\:|\\/\\/","linkTrailCharacters":"/^([čšžćđßa-z]+)(.*)$/sDu"}}