{"extCodeMirrorConfig":{"pluginModules":["ext.CodeMirror.addons"],"tagModes":{"ref":"text/mediawiki","pre":"mw-tag-pre","nowiki":"mw-tag-nowiki"},"tags":{"pre":true,"nowiki":true,"gallery":true,"indicator":true,"langconvert":true,"timeline":true,"hiero":true,"source":true,"syntaxhighlight":true,"score":true,"templatestyles":true,"templatedata":true,"graph":true,"charinsert":true,"ref":true,"references":true,"inputbox":true,"imagemap":true,"poem":true,"categorytree":true,"section":true,"math":true,"ce":true,"chem":true,"maplink":true,"mapframe":true},"doubleUnderscore":[{"__លាក់មាតិកា__":"notoc","__លាក់បញ្ជីអត្ថបទ__":"notoc","__គ្មានមាតិកា__":"notoc","__គ្មានបញ្ជីអត្ថបទ__":"notoc","__កុំបង្ហាញមាតិកា__":"notoc","__notoc__":"notoc",
"__លាក់វិចិត្រសាល__":"nogallery","__nogallery__":"nogallery","__បង្ខំមាតិកា__":"forcetoc","__បង្ខំបញ្ជីអត្ថបទ__":"forcetoc","__បង្ខំអោយបង្ហាញមាតិកា__":"forcetoc","__forcetoc__":"forcetoc","__មាតិកា__":"toc","__បញ្ជីអត្ថបទ__":"toc","__toc__":"toc","__ផ្នែកមិនត្រូវកែប្រែ__":"noeditsection","__មិនមានផ្នែកកែប្រែ__":"noeditsection","__លាក់ផ្នែកកែប្រែ__":"noeditsection","__noeditsection__":"noeditsection","__notitleconvert__":"notitleconvert","__notc__":"notitleconvert","__nocontentconvert__":"nocontentconvert","__nocc__":"nocontentconvert"},{"__តំនភ្ជាប់ផ្នែកថ្មី__":"newsectionlink","__តំណភ្ជាប់ផ្នែកថ្មី__":"newsectionlink","__NEWSECTIONLINK__":"newsectionlink",
"__NONEWSECTIONLINK__":"nonewsectionlink","__ចំណាត់ថ្នាក់ក្រុមមិនបានបង្ហាញ__":"hiddencat","__HIDDENCAT__":"hiddencat","__EXPECTUNUSEDCATEGORY__":"expectunusedcategory","__លិបិក្រម__":"index","__INDEX__":"index","__មិនមានលិបិក្រម__":"noindex","__NOINDEX__":"noindex","__ស្ថិតិទំព័របញ្ជូនបន្ត__":"staticredirect","__STATICREDIRECT__":"staticredirect","__NOGLOBAL__":"noglobal","__DISAMBIG__":"disambiguation","__EXPECTED_UNCONNECTED_PAGE__":"expectedUnconnectedPage"}],"functionSynonyms":[{"លឈ":"ns","ns":"ns","nse":"nse","urlencode":"urlencode","lcfirst":"lcfirst","ucfirst":"ucfirst","lc":"lc","uc":"uc","localurl":"localurl","localurle":"localurle","urlពេញ":"fullurl","fullurl":"fullurl","fullurle":"fullurle","canonicalurl":"canonicalurl","canonicalurle":"canonicalurle","formatnum":"formatnum","វេយ្យាករណ៍":"grammar",
"grammar":"grammar","gender":"gender","ពហុវចនៈ":"plural","plural":"plural","bidi":"bidi","#ភាសា":"language","#language":"language","padleft":"padleft","padright":"padright","anchorencode":"anchorencode","ផ្លូវនៃឯកសារ":"filepath","filepath":"filepath","pageid":"pageid","int":"int","#ពិសេស":"special","#special":"special","#speciale":"speciale","#ប្លាក":"tag","#tag":"tag","#formatdate":"formatdate","#dateformat":"formatdate","#target":"target","#babel":"babel","#coordinates":"coordinates","#invoke":"invoke","#related":"related","#if":"if","#ifeq":"ifeq","#switch":"switch","#ifexist":"ifexist","#ifexpr":"ifexpr","#iferror":"iferror","#time":"time","#timel":"timel","#expr":"expr","#rel2abs":"rel2abs","#titleparts":"titleparts","#categorytree":"categorytree","#lst":"lst","#section":"lst","#lstx":"lstx","#section-x":"lstx","#lsth":"lsth","#section-h":"lsth","noexternallanglinks":"noexternallanglinks","#property":"property",
"#statements":"statements","#commaseparatedlist":"commaSeparatedList","#mentor":"mentor","articlepath":"articlepath","ម៉ាស៊ីនបម្រើសេវា":"server","server":"server","ឈ្មោះម៉ាស៊ីនបម្រើសេវា":"servername","servername":"servername","ផ្លូវស្រ្គីប":"scriptpath","scriptpath":"scriptpath","stylepath":"stylepath","numberofwikis":"numberofwikis","wbreponame":"wbreponame"},{"NUMBERINGROUP":"numberingroup","NUMINGROUP":"numberingroup","DEFAULTSORT":"defaultsort","DEFAULTSORTKEY":"defaultsort","DEFAULTCATEGORYSORT":"defaultsort","ចំនួនទំព័រក្នុងចំនាត់ថ្នាក់ក្រុម":"pagesincategory","ចំនួនទំព័រក្នុងចំណាត់ថ្នាក់ក្រុម":"pagesincategory","PAGESINCATEGORY":"pagesincategory","PAGESINCAT":"pagesincategory","ទំហំទំព័រ":"pagesize","PAGESIZE":"pagesize","PROTECTIONLEVEL":
"protectionlevel","PROTECTIONEXPIRY":"protectionexpiry","ឈ្មោះទំព័រ":"pagename","PAGENAME":"pagename","PAGENAMEE":"pagenamee","ឈ្មោះទំព័រពេញ":"fullpagename","FULLPAGENAME":"fullpagename","FULLPAGENAMEE":"fullpagenamee","ឈ្មោះទំព័ររង":"subpagename","SUBPAGENAME":"subpagename","SUBPAGENAMEE":"subpagenamee","ROOTPAGENAME":"rootpagename","ROOTPAGENAMEE":"rootpagenamee","BASEPAGENAME":"basepagename","BASEPAGENAMEE":"basepagenamee","ឈ្មោះទំព័រពិភាក្សា":"talkpagename","TALKPAGENAME":"talkpagename","TALKPAGENAMEE":"talkpagenamee","SUBJECTPAGENAME":"subjectpagename","ARTICLEPAGENAME":"subjectpagename","SUBJECTPAGENAMEE":"subjectpagenamee","ARTICLEPAGENAMEE":"subjectpagenamee","REVISIONID":"revisionid","REVISIONDAY":"revisionday","REVISIONDAY2":"revisionday2","REVISIONMONTH":"revisionmonth","REVISIONMONTH1":"revisionmonth1","REVISIONYEAR":"revisionyear","REVISIONTIMESTAMP":
"revisiontimestamp","REVISIONUSER":"revisionuser","CASCADINGSOURCES":"cascadingsources","លំហឈ្មោះ":"namespace","NAMESPACE":"namespace","NAMESPACEE":"namespacee","NAMESPACENUMBER":"namespacenumber","លំហឈ្មោះទំព័រពិភាក្សា":"talkspace","TALKSPACE":"talkspace","TALKSPACEE":"talkspacee","SUBJECTSPACE":"subjectspace","ARTICLESPACE":"subjectspace","SUBJECTSPACEE":"subjectspacee","ARTICLESPACEE":"subjectspacee","ចំនួនអត្ថបទ":"numberofarticles","NUMBEROFARTICLES":"numberofarticles","ចំនួនឯកសារ":"numberoffiles","NUMBEROFFILES":"numberoffiles","ចំនួនអ្នកប្រើប្រាស់":"numberofusers","NUMBEROFUSERS":"numberofusers","NUMBEROFACTIVEUSERS":"numberofactiveusers","ចំនួនទំព័រ":"numberofpages","NUMBEROFPAGES":"numberofpages","ចំនួនអ្នកអភិបាល":"numberofadmins",
"ចំនួនអ្នកថែទាំប្រព័ន្ធ":"numberofadmins","NUMBEROFADMINS":"numberofadmins","ចំនួនកំណែប្រែ":"numberofedits","NUMBEROFEDITS":"numberofedits","បង្ហាញចំណងជើង":"displaytitle","បង្ហាញចំនងជើង":"displaytitle","DISPLAYTITLE":"displaytitle","!":"!","=":"=","ខែនេះ":"currentmonth","CURRENTMONTH":"currentmonth","CURRENTMONTH2":"currentmonth","CURRENTMONTH1":"currentmonth1","ឈ្មោះខែនេះ":"currentmonthname","CURRENTMONTHNAME":"currentmonthname","CURRENTMONTHNAMEGEN":"currentmonthnamegen","CURRENTMONTHABBREV":"currentmonthabbrev","ថ្ងៃនេះ":"currentday","CURRENTDAY":"currentday","CURRENTDAY2":"currentday2","ឈ្មោះថ្ងៃនេះ":"currentdayname","CURRENTDAYNAME":"currentdayname","ឆ្នាំនេះ":"currentyear","CURRENTYEAR":"currentyear","ពេលនេះ":"currenttime","CURRENTTIME":"currenttime",
"ម៉ោងនេះ":"currenthour","ម៉ោងឥឡូវ":"currenthour","CURRENTHOUR":"currenthour","LOCALMONTH":"localmonth","LOCALMONTH2":"localmonth","LOCALMONTH1":"localmonth1","LOCALMONTHNAME":"localmonthname","LOCALMONTHNAMEGEN":"localmonthnamegen","LOCALMONTHABBREV":"localmonthabbrev","LOCALDAY":"localday","LOCALDAY2":"localday2","LOCALDAYNAME":"localyear","LOCALYEAR":"localyear","ពេលវេលាក្នុងតំបន់":"localtime","LOCALTIME":"localtime","ម៉ោងតំបន់":"localhour","LOCALHOUR":"localhour","ឈ្មោះវិបសាយ":"sitename","ឈ្មោះគេហទំព័រ":"sitename","SITENAME":"sitename","សប្ដាហ៍នេះ":"currentweek","CURRENTWEEK":"currentweek","CURRENTDOW":"currentdow","LOCALWEEK":"localweek","LOCALDOW":"localdow","REVISIONSIZE":"revisionsize","CURRENTVERSION":"currentversion","CURRENTTIMESTAMP":"currenttimestamp","LOCALTIMESTAMP":"localtimestamp","DIRECTIONMARK":"directionmark","DIRMARK":
"directionmark","កូដភាសា":"contentlanguage","CONTENTLANGUAGE":"contentlanguage","CONTENTLANG":"contentlanguage","PAGELANGUAGE":"pagelanguage"}],"urlProtocols":"bitcoin\\:|ftp\\:\\/\\/|ftps\\:\\/\\/|geo\\:|git\\:\\/\\/|gopher\\:\\/\\/|http\\:\\/\\/|https\\:\\/\\/|irc\\:\\/\\/|ircs\\:\\/\\/|magnet\\:|mailto\\:|mms\\:\\/\\/|news\\:|nntp\\:\\/\\/|redis\\:\\/\\/|sftp\\:\\/\\/|sip\\:|sips\\:|sms\\:|ssh\\:\\/\\/|svn\\:\\/\\/|tel\\:|telnet\\:\\/\\/|urn\\:|worldwind\\:\\/\\/|xmpp\\:|\\/\\/","linkTrailCharacters":"/^([a-z]+)(.*)$/sD"}}