{"extCodeMirrorConfig":{"pluginModules":["ext.CodeMirror.addons"],"tagModes":{"ref":"text/mediawiki","pre":"mw-tag-pre","nowiki":"mw-tag-nowiki"},"tags":{"pre":true,"nowiki":true,"gallery":true,"indicator":true,"langconvert":true,"timeline":true,"hiero":true,"source":true,"syntaxhighlight":true,"score":true,"templatestyles":true,"templatedata":true,"graph":true,"charinsert":true,"ref":true,"references":true,"inputbox":true,"imagemap":true,"poem":true,"categorytree":true,"section":true,"math":true,"ce":true,"chem":true,"maplink":true,"mapframe":true},"doubleUnderscore":[{"__yuyarinannaq__":"notoc","__notdc__":"notoc","__sin_tdc__":"notoc","__notoc__":"notoc","__rikchasuyunnaq__":"nogallery","__nogalería__":"nogallery","__nogaleria__":"nogallery","__sin_galería__":"nogallery","__nogallery__":"nogallery","__yuyarinataatipachiy__":"forcetoc","__forzartdc__":"forcetoc","__forzartoc__":
"forcetoc","__forzar_tdc__":"forcetoc","__forcetoc__":"forcetoc","__yuyarina__":"toc","__tdc__":"toc","__toc__":"toc","__amarakitahukchaychu__":"noeditsection","__noeditarsección__":"noeditsection","__noeditarseccion__":"noeditsection","__no_editar_sección__":"noeditsection","__noeditsection__":"noeditsection","__amasutitahukchaychu__":"notitleconvert","__noconvertirtitulo__":"notitleconvert","__noconvertirtítulo__":"notitleconvert","__noct___":"notitleconvert","__notitleconvert__":"notitleconvert","__notc__":"notitleconvert","__amasamiqtahukchaychu__":"nocontentconvert","__noconvertircontenido__":"nocontentconvert","__nocc___":"nocontentconvert","__nocontentconvert__":"nocontentconvert","__nocc__":"nocontentconvert"},{"__VINCULARANUEVASECCION__":"newsectionlink","__ENLACECREARSECCIÓN__":"newsectionlink","__NEWSECTIONLINK__":"newsectionlink","__NOVINCULARANUEVASECCION__":"nonewsectionlink","__SINENLACECREARSECCIÓN__":"nonewsectionlink","__NONEWSECTIONLINK__":"nonewsectionlink",
"__PAKASQAKATIGURIYA__":"hiddencat","__CATEGORÍAOCULTA__":"hiddencat","__HIDDENCAT__":"hiddencat","__EXPECTUNUSEDCATEGORY__":"expectunusedcategory","__UNANCHAY__":"index","__INDEXAR__":"index","__INDEX__":"index","__AMAUNANCHAYCHU__":"noindex","__NOINDEXAR__":"noindex","__NOINDEX__":"noindex","__TIYAQLLAPUSAPUNA__":"staticredirect","__REDIRECCIONESTATICA__":"staticredirect","__REDIRECCIÓNESTÁTICA__":"staticredirect","__STATICREDIRECT__":"staticredirect","__NOGLOBAL__":"noglobal","__DISAMBIGUACION__":"disambiguation","__DISAMBIG__":"disambiguation","__EXPECTED_UNCONNECTED_PAGE__":"expectedUnconnectedPage"}],"functionSynonyms":[{"skiti":"ns","en":"ns","ns":"ns","nse":"nse","urlllawichay":"urlencode","url-llawichay":"urlencode","codificar":"urlencode","codificarurl":"urlencode","urlencode":"urlencode","uchuyñawpaq":"lcfirst","uchuynawpaq":"lcfirst","primerominus;":"lcfirst","primerominús":"lcfirst","primerominus":"lcfirst","lcfirst":"lcfirst","hatunñawpaq":"ucfirst","hatunnawpaq":
"ucfirst","primeromayus;":"ucfirst","primeromayús":"ucfirst","primeromayus":"ucfirst","ucfirst":"ucfirst","uchuy":"lc","minus":"lc","minús":"lc","lc":"lc","hatun":"uc","mayus":"uc","mayús":"uc","uc":"uc","kayllaurl":"localurl","urllocal":"localurl","localurl":"localurl","kayllaurle":"localurle","urllocalc":"localurle","localurle":"localurle","huntaurl":"fullurl","urlcompleta":"fullurl","fullurl":"fullurl","huntaurle":"fullurle","urlcompletac":"fullurle","fullurle":"fullurle","urlcanonica":"canonicalurl","canonicalurl":"canonicalurl","urlcanonicac":"canonicalurle","canonicalurle":"canonicalurle","yupayrikchakuy":"formatnum","formatonúmero":"formatnum","formatonumero":"formatnum","formatnum":"formatnum","simikamachiy":"grammar","gramatica":"grammar","gramática":"grammar","grammar":"grammar","qhariwarmi":"gender","qariwarmi":"gender","género":"gender","genero":"gender","gender":"gender","achka":"plural","plural":"plural","bidi":"bidi","#rimay":"language","#idioma":"language",
"#language":"language","padlluqi":"padleft","padichuq":"padleft","padleft":"padleft","rellenarizquierda":"padleft","rellenarizq":"padleft","padpaña":"padright","padalliq":"padright","padright":"padright","rellenarderecha":"padright","rellenarder":"padright","watanallawichay":"anchorencode","anchorencode":"anchorencode","willañiqiñan":"filepath","willaniqinan":"filepath","rutaarchivo":"filepath","rutarchivo":"filepath","rutadearchivo":"filepath","filepath":"filepath","iddepágina":"pageid","idpágina":"pageid","iddepagina":"pageid","idpagina":"pageid","pageid":"pageid","willay":"int","int":"int","#sapaq":"special","#especial":"special","#special":"special","#especialc":"speciale","#speciale":"speciale","#unanchacha":"tag","#etiqueta":"tag","#tag":"tag","#punchawrikchakuy":"formatdate","#formatodefecha":"formatdate","#formatearfecha":"formatdate","#formatdate":"formatdate","#dateformat":"formatdate","#destino":"target","#target":"target","#babel":"babel","#coordinates":"coordinates",
"#invocar":"invoke","#invoke":"invoke","#related":"related","#kaptin":"if","#si":"if","#if":"if","#kaqllakaptin":"ifeq","#siigual":"ifeq","#ifeq":"ifeq","#winkuy":"switch","#según":"switch","#switch":"switch","#kachkaptin":"ifexist","#siexiste":"ifexist","#ifexist":"ifexist","#rikuchiykaptin":"ifexpr","#siexpr":"ifexpr","#ifexpr":"ifexpr","#pantasqakaptin":"iferror","#sierror":"iferror","#iferror":"iferror","#pacha":"time","#tiempo":"time","#time":"time","#pachal":"timel","#tiempol":"timel","#timel":"timel","#rikuchiy":"expr","#expr":"expr","#rel2abs":"rel2abs","#titleparts":"titleparts","#árboldecategorías":"categorytree","#arboldecategorias":"categorytree","#categorytree":"categorytree","#lst":"lst","#section":"lst","#lstx":"lstx","#section-x":"lstx","#lsth":"lsth","#section-h":"lsth","nointerwikis":"noexternallanglinks","noexternallanglinks":"noexternallanglinks","#propiedad":"property","#property":"property","#statements":"statements","#commaseparatedlist":"commaSeparatedList",
"#mentor":"mentor","rutaartículo":"articlepath","rutaarticulo":"articlepath","articlepath":"articlepath","sirwiq":"server","servidor":"server","server":"server","sirwiqsuti":"servername","nombreservidor":"servername","servername":"servername","qillqañan":"scriptpath","qillqanan":"scriptpath","rutascript":"scriptpath","rutadescript":"scriptpath","scriptpath":"scriptpath","rutaestilo":"stylepath","rutadeestilo":"stylepath","stylepath":"stylepath","numberofwikis":"numberofwikis","wbreponame":"wbreponame"},{"HUÑUPIYUPAY":"numberingroup","HUNUPIYUPAY":"numberingroup","NÚMEROENGRUPO":"numberingroup","NUMEROENGRUPO":"numberingroup","NUMENGRUPO":"numberingroup","NÚMENGRUPO":"numberingroup","NUMBERINGROUP":"numberingroup","NUMINGROUP":"numberingroup","ALLINCHAY":"defaultsort","SIQINCHAY":"defaultsort","ORDENAR":"defaultsort","ORDENPREDETERMINADO":"defaultsort","CLAVEDEORDENPREDETERMINADO":"defaultsort","ORDENDECATEGORIAPREDETERMINADO":"defaultsort","ORDENDECATEGORÍAPREDETERMINADO":
"defaultsort","DEFAULTSORT":"defaultsort","DEFAULTSORTKEY":"defaultsort","DEFAULTCATEGORYSORT":"defaultsort","KATIGURIYAPIPANQAKUNA":"pagesincategory","PÁGINASENCATEGORÍA":"pagesincategory","PÁGINASENCAT":"pagesincategory","PAGSENCAT":"pagesincategory","PAGINASENCATEGORIA":"pagesincategory","PAGINASENCAT":"pagesincategory","PAGESINCATEGORY":"pagesincategory","PAGESINCAT":"pagesincategory","PANQACHHIKAN":"pagesize","PANQACHIKAN":"pagesize","PANQACHIKA":"pagesize","TAMAÑOPÁGINA":"pagesize","TAMAÑODEPÁGINA":"pagesize","TAMAÑOPAGINA":"pagesize","TAMAÑODEPAGINA":"pagesize","PAGESIZE":"pagesize","HAYKAAMACHAY":"protectionlevel","IMASINCHIAMACHAY":"protectionlevel","NIVELDEPROTECCIÓN":"protectionlevel","PROTECTIONLEVEL":"protectionlevel","NIVELDEPROTECCION":"protectionlevel","PROTECTIONEXPIRY":"protectionexpiry","PANQASUTI":"pagename","NOMBREDEPAGINA":"pagename","NOMBREDEPÁGINA":"pagename","PAGENAME":"pagename","PANQASUTIE":"pagenamee","NOMBREDEPAGINAC":"pagenamee",
"NOMBREDEPÁGINAC":"pagenamee","PAGENAMEE":"pagenamee","HUNTAPANQASUTI":"fullpagename","NOMBREDEPÁGINACOMPLETA":"fullpagename","NOMBREDEPAGINACOMPLETA":"fullpagename","NOMBREDEPÁGINAENTERA":"fullpagename","NOMBREDEPAGINAENTERA":"fullpagename","NOMBRECOMPLETODEPÁGINA":"fullpagename","NOMBRECOMPLETODEPAGINA":"fullpagename","FULLPAGENAME":"fullpagename","HUNTAPANQASUTIE":"fullpagenamee","NOMBRECOMPLETODEPAGINAC":"fullpagenamee","NOMBRECOMPLETODEPÁGINAC":"fullpagenamee","FULLPAGENAMEE":"fullpagenamee","URINPANQASUTI":"subpagename","NOMBREDESUBPAGINA":"subpagename","NOMBREDESUBPÁGINA":"subpagename","SUBPAGENAME":"subpagename","URINPANQASUTIE":"subpagenamee","NOMBREDESUBPAGINAC":"subpagenamee","NOMBREDESUBPÁGINAC":"subpagenamee","SUBPAGENAMEE":"subpagenamee","NOMBREDEPAGINARAIZ":"rootpagename","NOMBREDEPÁGINARAÍZ":"rootpagename","ROOTPAGENAME":"rootpagename","NOMBREDEPAGINARAIZC":"rootpagenamee","NOMBREDEPÁGINARAÍZC":"rootpagenamee","ROOTPAGENAMEE":"rootpagenamee","TIKSIPANQASUTI":
"basepagename","NOMBREDEPAGINABASE":"basepagename","NOMBREDEPÁGINABASE":"basepagename","BASEPAGENAME":"basepagename","TIKSIPANQASUTIE":"basepagenamee","NOMBREDEPAGINABASEC":"basepagenamee","NOMBREDEPÁGINABASEC":"basepagenamee","BASEPAGENAMEE":"basepagenamee","RIMANAKUYPANQASUTI":"talkpagename","NOMBREDEPÁGINADEDISCUSIÓN":"talkpagename","NOMBREDEPAGINADEDISCUSION":"talkpagename","NOMBREDEPAGINADISCUSION":"talkpagename","NOMBREDEPÁGINADISCUSIÓN":"talkpagename","TALKPAGENAME":"talkpagename","RIMANAKUYPANQASUTIE":"talkpagenamee","NOMBREDEPÁGINADEDISCUSIÓNC":"talkpagenamee","NOMBREDEPAGINADEDISCUSIONC":"talkpagenamee","NOMBREDEPAGINADISCUSIONC":"talkpagenamee","NOMBREDEPÁGINADISCUSIÓNC":"talkpagenamee","TALKPAGENAMEE":"talkpagenamee","QILLQAPANQASUTI":"subjectpagename","NOMBREDEPAGINADETEMA":"subjectpagename","NOMBREDEPÁGINADETEMA":"subjectpagename","NOMBREDEPÁGINADEASUNTO":"subjectpagename","NOMBREDEPAGINADEASUNTO":"subjectpagename","NOMBREDEPAGINADEARTICULO":"subjectpagename",
"NOMBREDEPÁGINADEARTÍCULO":"subjectpagename","SUBJECTPAGENAME":"subjectpagename","ARTICLEPAGENAME":"subjectpagename","QILLQAPANQASUTIE":"subjectpagenamee","NOMBREDEPAGINADETEMAC":"subjectpagenamee","NOMBREDEPÁGINADETEMAC":"subjectpagenamee","NOMBREDEPÁGINADEASUNTOC":"subjectpagenamee","NOMBREDEPAGINADEASUNTOC":"subjectpagenamee","NOMBREDEPAGINADEARTICULOC":"subjectpagenamee","NOMBREDEPÁGINADEARTÍCULOC":"subjectpagenamee","SUBJECTPAGENAMEE":"subjectpagenamee","ARTICLEPAGENAMEE":"subjectpagenamee","MUSUQCHASQAID":"revisionid","IDDEREVISION":"revisionid","IDREVISION":"revisionid","IDDEREVISIÓN":"revisionid","IDREVISIÓN":"revisionid","REVISIONID":"revisionid","MUSUQCHASQAPUNCHAW":"revisionday","DIADEREVISION":"revisionday","DIAREVISION":"revisionday","DÍADEREVISIÓN":"revisionday","DÍAREVISIÓN":"revisionday","REVISIONDAY":"revisionday","MUSUQCHASQAPUNCHAW2":"revisionday2","DIADEREVISION2":"revisionday2","DIAREVISION2":"revisionday2","DÍADEREVISIÓN2":"revisionday2",
"DÍAREVISIÓN2":"revisionday2","REVISIONDAY2":"revisionday2","MUSUQCHASQAKILLA":"revisionmonth","MESDEREVISION":"revisionmonth","MESDEREVISIÓN":"revisionmonth","MESREVISION":"revisionmonth","MESREVISIÓN":"revisionmonth","REVISIONMONTH":"revisionmonth","MESDEREVISION1":"revisionmonth1","MESDEREVISIÓN1":"revisionmonth1","MESREVISION1":"revisionmonth1","MESREVISIÓN1":"revisionmonth1","REVISIONMONTH1":"revisionmonth1","MUSUQCHASQAWATA":"revisionyear","AÑODEREVISION":"revisionyear","AÑODEREVISIÓN":"revisionyear","AÑOREVISION":"revisionyear","AÑOREVISIÓN":"revisionyear","REVISIONYEAR":"revisionyear","MUSUQCHASQAPACHAQILLPA":"revisiontimestamp","MARCADEHORADEREVISION":"revisiontimestamp","MARCADEHORADEREVISIÓN":"revisiontimestamp","REVISIONTIMESTAMP":"revisiontimestamp","MUSUQCHASQARURAQ":"revisionuser","USUARIODEREVISION":"revisionuser","USUARIODEREVISIÓN":"revisionuser","REVISIONUSER":"revisionuser","CASCADINGSOURCES":"cascadingsources","SUTIKITI":"namespace","ESPACIODENOMBRE":
"namespace","NAMESPACE":"namespace","SUTIKITIE":"namespacee","ESPACIODENOMBREC":"namespacee","NAMESPACEE":"namespacee","NÚMERODELESPACIO":"namespacenumber","NAMESPACENUMBER":"namespacenumber","RIMANAKUYKITI":"talkspace","RIMAYKITI":"talkspace","ESPACIODEDISCUSION":"talkspace","ESPACIODEDISCUSIÓN":"talkspace","TALKSPACE":"talkspace","RIMANAKUYKITIE":"talkspacee","RIMAYKITIE":"talkspacee","ESPACIODEDISCUSIONC":"talkspacee","TALKSPACEE":"talkspacee","QILLQAKITI":"subjectspace","ESPACIODEASUNTO":"subjectspace","ESPACIODETEMA":"subjectspace","ESPACIODEARTÍCULO":"subjectspace","ESPACIODEARTICULO":"subjectspace","SUBJECTSPACE":"subjectspace","ARTICLESPACE":"subjectspace","QILLQAKITIE":"subjectspacee","ESPACIODETEMAC":"subjectspacee","ESPACIODEASUNTOC":"subjectspacee","ESPACIODEARTICULOC":"subjectspacee","ESPACIODEARTÍCULOC":"subjectspacee","SUBJECTSPACEE":"subjectspacee","ARTICLESPACEE":"subjectspacee","HAYKAQILLQA":"numberofarticles","NÚMERODEARTÍCULOS":"numberofarticles",
"NUMERODEARTICULOS":"numberofarticles","NUMBEROFARTICLES":"numberofarticles","HAYKAWILLANIQI":"numberoffiles","NÚMERODEARCHIVOS":"numberoffiles","NUMERODEARCHIVOS":"numberoffiles","NUMBEROFFILES":"numberoffiles","HAYKARURAQ":"numberofusers","NÚMERODEUSUARIOS":"numberofusers","NUMERODEUSUARIOS":"numberofusers","NUMBEROFUSERS":"numberofusers","HAYKARURACHKAQ":"numberofactiveusers","NÚMERODEUSUARIOSACTIVOS":"numberofactiveusers","NUMERODEUSUARIOSACTIVOS":"numberofactiveusers","NUMBEROFACTIVEUSERS":"numberofactiveusers","HAYKAPANQA":"numberofpages","NÚMERODEPÁGINAS":"numberofpages","NUMERODEPAGINAS":"numberofpages","NUMBEROFPAGES":"numberofpages","HAYKAKAMACHIQ":"numberofadmins","NÚMEROADMINISITRADORES":"numberofadmins","NÚMEROADMINS":"numberofadmins","NUMEROADMINS":"numberofadmins","NUMEROADMINISTRADORES":"numberofadmins","NUMERODEADMINISTRADORES":"numberofadmins","NUMERODEADMINS":"numberofadmins","NÚMERODEADMINISTRADORES":"numberofadmins","NÚMERODEADMINS":"numberofadmins",
"NÚMEROADMINIISTRADORES":"numberofadmins","NUMBEROFADMINS":"numberofadmins","HAYKALLAMKAPUSQA":"numberofedits","NÚMERODEEDICIONES":"numberofedits","NUMERODEEDICIONES":"numberofedits","NUMBEROFEDITS":"numberofedits","SUTITARIKUCHIY":"displaytitle","MOSTRARTÍTULO":"displaytitle","MOSTRARTITULO":"displaytitle","DISPLAYTITLE":"displaytitle","!":"!","=":"=","KUNANKILLA":"currentmonth","MESACTUAL":"currentmonth","MES_ACTUAL":"currentmonth","MESACTUAL2":"currentmonth","CURRENTMONTH":"currentmonth","CURRENTMONTH2":"currentmonth","MESACTUAL1":"currentmonth1","CURRENTMONTH1":"currentmonth1","KUNANKILLASUTI":"currentmonthname","NOMBREMESACTUAL":"currentmonthname","NOMBRE_MES_ACTUAL":"currentmonthname","MESACTUALCOMPLETO":"currentmonthname","CURRENTMONTHNAME":"currentmonthname","KUNANKILLASUTIP":"currentmonthnamegen","GENERADORNOMBREMESACTUAL":"currentmonthnamegen","MESACTUALGENITIVO":"currentmonthnamegen","CURRENTMONTHNAMEGEN":"currentmonthnamegen","KUNANKILLAPISI":"currentmonthabbrev",
"ABREVIACIONNOMBREMESACTUAL":"currentmonthabbrev","ABREVIACIÓNNOMBREMESACTUAL":"currentmonthabbrev","MESACTUALABREVIADO":"currentmonthabbrev","CURRENTMONTHABBREV":"currentmonthabbrev","KUNANPUNCHAW":"currentday","DÍAACTUAL":"currentday","DIAACTUAL":"currentday","DÍA_ACTUAL":"currentday","DIA_ACTUAL":"currentday","CURRENTDAY":"currentday","KUNANPUNCHAW2":"currentday2","DÍAACTUAL2":"currentday2","DIAACTUAL2":"currentday2","DÍA_ACTUAL2":"currentday2","DIA_ACTUAL2":"currentday2","CURRENTDAY2":"currentday2","KUNANPUNCHAWSUTI":"currentdayname","NOMBREDÍAACTUAL":"currentdayname","NOMBREDIAACTUAL":"currentdayname","CURRENTDAYNAME":"currentdayname","KUNANWATA":"currentyear","AÑOACTUAL":"currentyear","AÑO_ACTUAL":"currentyear","CURRENTYEAR":"currentyear","KUNANPACHA":"currenttime","HORAACTUAL":"currenthour","HORA_ACTUAL":"currenthour","HORA_MINUTOS_ACTUAL":"currenttime","HORAMINUTOSACTUAL":"currenttime","TIEMPOACTUAL":"currenttime","CURRENTTIME":"currenttime","KUNANURA":"currenthour",
"CURRENTHOUR":"currenthour","KAYPIKILLA":"localmonth","MESLOCAL":"localmonth","MESLOCAL2":"localmonth","LOCALMONTH":"localmonth","LOCALMONTH2":"localmonth","MESLOCAL1":"localmonth1","LOCALMONTH1":"localmonth1","KAYPIKILLASUTI":"localmonthname","NOMBREMESLOCAL":"localmonthname","MESLOCALCOMPLETO":"localmonthname","LOCALMONTHNAME":"localmonthname","KAYPIKILLASUTIP":"localmonthnamegen","GENERADORNOMBREMESLOCAL":"localmonthnamegen","MESLOCALGENITIVO":"localmonthnamegen","LOCALMONTHNAMEGEN":"localmonthnamegen","KAYPIKILLAPISI":"localmonthabbrev","ABREVIACIONMESLOCAL":"localmonthabbrev","MESLOCALABREVIADO":"localmonthabbrev","LOCALMONTHABBREV":"localmonthabbrev","KAYPIPUNCHAW":"localday","DÍALOCAL":"localday","DIALOCAL":"localday","LOCALDAY":"localday","KAYPIPUNCHAW2":"localday2","DIALOCAL2":"localday2","DÍALOCAL2":"localday2","LOCALDAY2":"localday2","KAYPIPUNCHAWSUTI":"localdayname","NOMBREDIALOCAL":"localdayname","NOMBREDÍALOCAL":"localdayname","LOCALDAYNAME":"localdayname","KAYPIWATA":
"localyear","AÑOLOCAL":"localyear","LOCALYEAR":"localyear","KAYPIPACHA":"localtime","HORALOCAL":"localhour","HORAMINUTOSLOCAL":"localtime","TIEMPOLOCAL":"localtime","LOCALTIME":"localtime","KAYPIURA":"localhour","LOCALHOUR":"localhour","TIYAYSUTI":"sitename","NOMBREDESITIO":"sitename","NOMBREDELSITIO":"sitename","SITENAME":"sitename","KUNANSIMANA":"currentweek","SEMANAACTUAL":"currentweek","CURRENTWEEK":"currentweek","KUNANSIMANAPUNCHAW":"currentdow","DDSACTUAL":"currentdow","DIADESEMANAACTUAL":"currentdow","DÍADESEMANAACTUAL":"currentdow","CURRENTDOW":"currentdow","KAYLLASIMANA":"localweek","SEMANALOCAL":"localweek","LOCALWEEK":"localweek","KAYLLASIMANAPUNCHAW":"localdow","DDSLOCAL":"localdow","DIADESEMANALOCAL":"localdow","DÍADESEMANALOCAL":"localdow","LOCALDOW":"localdow","TAMAÑODEREVISIÓN":"revisionsize","TAMAÑODEREVISION":"revisionsize","REVISIONSIZE":"revisionsize","KUNANMUSUQCHASQA":"currentversion","REVISIÓNACTUAL":"currentversion","VERSIONACTUAL":"currentversion",
"VERSIÓNACTUAL":"currentversion","CURRENTVERSION":"currentversion","KUNANPACHAQILLPA":"currenttimestamp","MARCADEHORAACTUAL":"currenttimestamp","CURRENTTIMESTAMP":"currenttimestamp","KAYLLAPACHAQILLPA":"localtimestamp","MARCADEHORALOCAL":"localtimestamp","LOCALTIMESTAMP":"localtimestamp","PURIRIYSANANCHA":"directionmark","DIRECTIONMARK":"directionmark","DIRMARK":"directionmark","SAMIQRIMAY":"contentlanguage","IDIOMADELCONTENIDO":"contentlanguage","IDIOMADELCONT":"contentlanguage","CONTENTLANGUAGE":"contentlanguage","CONTENTLANG":"contentlanguage","PAGELANGUAGE":"pagelanguage"}],"urlProtocols":"bitcoin\\:|ftp\\:\\/\\/|ftps\\:\\/\\/|geo\\:|git\\:\\/\\/|gopher\\:\\/\\/|http\\:\\/\\/|https\\:\\/\\/|irc\\:\\/\\/|ircs\\:\\/\\/|magnet\\:|mailto\\:|mms\\:\\/\\/|news\\:|nntp\\:\\/\\/|redis\\:\\/\\/|sftp\\:\\/\\/|sip\\:|sips\\:|sms\\:|ssh\\:\\/\\/|svn\\:\\/\\/|tel\\:|telnet\\:\\/\\/|urn\\:|worldwind\\:\\/\\/|xmpp\\:|\\/\\/","linkTrailCharacters":"/^([a-záéíóúñ]+)(.*)$/sDu"}}