{"extCodeMirrorConfig":{"pluginModules":["ext.CodeMirror.addons"],"tagModes":{"ref":"text/mediawiki","pre":"mw-tag-pre","nowiki":"mw-tag-nowiki"},"tags":{"pre":true,"nowiki":true,"gallery":true,"indicator":true,"langconvert":true,"timeline":true,"hiero":true,"source":true,"syntaxhighlight":true,"score":true,"templatestyles":true,"templatedata":true,"graph":true,"charinsert":true,"ref":true,"references":true,"inputbox":true,"imagemap":true,"poem":true,"categorytree":true,"section":true,"math":true,"ce":true,"chem":true,"maplink":true,"mapframe":true},"doubleUnderscore":[{"__i̇çi̇ndeki̇leryok__":"notoc","__notoc__":"notoc","__galeri̇yok__":"nogallery","__nogallery__":"nogallery","__i̇çi̇ndeki̇lerzorunlu__":"forcetoc","__forcetoc__":"forcetoc","__i̇çi̇ndeki̇ler__":"toc","__toc__":"toc","__deği̇şti̇ryok__":"noeditsection","__düzenlemeyok__":"noeditsection","__noeditsection__":
"noeditsection","__başlikdönüşümüyok__":"notitleconvert","__bdy__":"notitleconvert","__notitleconvert__":"notitleconvert","__notc__":"notitleconvert","__i̇çeri̇kdönüşümüyok__":"nocontentconvert","__i̇dy__":"nocontentconvert","__nocontentconvert__":"nocontentconvert","__nocc__":"nocontentconvert"},{"__YENİBAŞLIKBAĞLANTISI__":"newsectionlink","__NEWSECTIONLINK__":"newsectionlink","__YENİBAŞLIKBAĞLANTISIYOK__":"nonewsectionlink","__NONEWSECTIONLINK__":"nonewsectionlink","__GİZLİKAT__":"hiddencat","__GİZLİKATEGORİ__":"hiddencat","__HIDDENCAT__":"hiddencat","__EXPECTUNUSEDCATEGORY__":"expectunusedcategory","__DİZİN__":"index","__ENDEKS__":"index","__INDEX__":"index","__DİZİNYOK__":"noindex","__ENDEKSYOK__":"noindex","__NOINDEX__":"noindex","__STATİKYÖNLENDİRME__":"staticredirect","__SABİTYÖNLENDİRME__":"staticredirect","__STATICREDIRECT__":"staticredirect","__NOGLOBAL__":"noglobal","__DISAMBIG__":"disambiguation","__EXPECTED_UNCONNECTED_PAGE__":
"expectedUnconnectedPage"}],"functionSynonyms":[{"aa":"ns","ab":"ns","ns":"ns","aau":"nse","abu":"nse","nse":"nse","urlkodlama":"urlencode","urlencode":"urlencode","khi̇lk":"lcfirst","lcfirst":"lcfirst","bhi̇lk":"ucfirst","ucfirst":"ucfirst","kh":"lc","lc":"lc","bh":"uc","uc":"uc","yerelurl":"localurl","localurl":"localurl","yerelurlu":"localurle","localurle":"localurle","tamurl":"fullurl","fullurl":"fullurl","tamurlu":"fullurle","fullurle":"fullurle","kuralliurl":"canonicalurl","canonicalurl":"canonicalurl","kuralliurlu":"canonicalurle","canonicalurle":"canonicalurle","bi̇çi̇mnum":"formatnum","formatnum":"formatnum","di̇lbi̇lgi̇si̇":"grammar","gramer":"grammar","grammar":"grammar","ci̇nsi̇yet":"gender","gender":"gender","çoğul":"plural","plural":"plural","bidi":"bidi","#di̇l":"language","#li̇san":"language","#language":"language","dolsol":"padleft","padleft":"padleft","dolsağ":"padright","padright":"padright","çengelkodlama":"anchorencode","anchorencode":
"anchorencode","dosyayolu":"filepath","dosya_yolu":"filepath","filepath":"filepath","sayfano":"pageid","pageid":"pageid","i̇nt":"int","int":"int","#özel":"special","#special":"special","#özelu":"speciale","#speciale":"speciale","#etiket":"tag","#tag":"tag","#biçimtarih":"formatdate","#tarihbiçimi":"formatdate","#formattarihi":"formatdate","#tarihformatı":"formatdate","#formatdate":"formatdate","#dateformat":"formatdate","#target":"target","#babil":"babel","#babel":"babel","#coordinates":"coordinates","#invoke":"invoke","#related":"related","#assessment":"assessment","pagebanner":"PAGEBANNER","#eğer":"if","#eger":"if","#if":"if","#ifeq":"ifeq","#değiştir":"switch","#degistir":"switch","#switch":"switch","#ifexist":"ifexist","#ifexpr":"ifexpr","#iferror":"iferror","#time":"time","#timel":"timel","#işlem":"expr","#islem":"expr","#ifade":"expr","#expr":"expr","#rel2abs":"rel2abs","#titleparts":"titleparts","#kategorihiyerarşisi":"categorytree","#kategoriağacı":"categorytree",
"#ulamhiyerarşisi":"categorytree","#ulamağacı":"categorytree","#categorytree":"categorytree","#lst":"lst","#section":"lst","#lstx":"lstx","#section-x":"lstx","#lsth":"lsth","#section-h":"lsth","noexternallanglinks":"noexternallanglinks","#property":"property","#statements":"statements","#commaseparatedlist":"commaSeparatedList","#mentor":"mentor","maddeyolu":"articlepath","articlepath":"articlepath","sunucu":"server","server":"server","sunucuadi":"servername","servername":"servername","beti̇kyolu":"scriptpath","scriptpath":"scriptpath","bi̇çemyolu":"stylepath","stylepath":"stylepath","numberofwikis":"numberofwikis","wbreponame":"wbreponame"},{"GRUPTAKİSAYI":"numberingroup","GRUBUNSAYISI":"numberingroup","NUMBERINGROUP":"numberingroup","NUMINGROUP":"numberingroup","VARSAYILANSIRALA":"defaultsort","VARSAYILANSIRALAMAANAHTARI":"defaultsort","VARSAYILANKATEGORİSIRALA":"defaultsort","DEFAULTSORT":"defaultsort","DEFAULTSORTKEY":"defaultsort","DEFAULTCATEGORYSORT":"defaultsort",
"KATEGORİDEKİSAYFALAR":"pagesincategory","KATTAKİSAYFALAR":"pagesincategory","PAGESINCATEGORY":"pagesincategory","PAGESINCAT":"pagesincategory","SAYFABOYUTU":"pagesize","PAGESIZE":"pagesize","KORUMASEVİYESİ":"protectionlevel","PROTECTIONLEVEL":"protectionlevel","PROTECTIONEXPIRY":"protectionexpiry","SAYFAADI":"pagename","PAGENAME":"pagename","SAYFAADIU":"pagenamee","PAGENAMEE":"pagenamee","TAMSAYFAADI":"fullpagename","FULLPAGENAME":"fullpagename","TAMSAYFAADIU":"fullpagenamee","FULLPAGENAMEE":"fullpagenamee","ALTSAYFAADI":"subpagename","SUBPAGENAME":"subpagename","ALTSAYFAADIU":"subpagenamee","SUBPAGENAMEE":"subpagenamee","ROOTPAGENAME":"rootpagename","ROOTPAGENAMEE":"rootpagenamee","ÜSTSAYFAADI":"basepagename","BASEPAGENAME":"basepagename","ÜSTSAYFAADIU":"basepagenamee","BASEPAGENAMEE":"basepagenamee","TARTIŞMASAYFASIADI":"talkpagename","TALKPAGENAME":"talkpagename","TARTIŞMASAYFASIADIU":"talkpagenamee","TALKPAGENAMEE":"talkpagenamee","KONUSAYFASIADI":"subjectpagename",
"MADDESAYFASIADI":"subjectpagename","SUBJECTPAGENAME":"subjectpagename","ARTICLEPAGENAME":"subjectpagename","KONUSAYFASIADIU":"subjectpagenamee","MADDESAYFASIADIU":"subjectpagenamee","SUBJECTPAGENAMEE":"subjectpagenamee","ARTICLEPAGENAMEE":"subjectpagenamee","SÜRÜMNU":"revisionid","SÜRÜMNO":"revisionid","REVİZYONNU":"revisionid","REVİZYONNO":"revisionid","REVISIONID":"revisionid","SÜRÜMGÜNÜ":"revisionday","REVISIONDAY":"revisionday","SÜRÜMGÜNÜ2":"revisionday2","REVISIONDAY2":"revisionday2","SÜRÜMAYI":"revisionmonth","REVISIONMONTH":"revisionmonth","SÜRÜMAYI1":"revisionmonth1","REVISIONMONTH1":"revisionmonth1","SÜRÜMYILI":"revisionyear","REVISIONYEAR":"revisionyear","SÜRÜMZAMANBİLGİSİ":"revisiontimestamp","REVISIONTIMESTAMP":"revisiontimestamp","SÜRÜMKULLANICI":"revisionuser","REVISIONUSER":"revisionuser","CASCADINGSOURCES":"cascadingsources","ADALANI":"namespace","İSİMALANI":"namespace","NAMESPACE":"namespace","ADALANIU":"namespacee","İSİMALANIU":
"namespacee","NAMESPACEE":"namespacee","ADALANINUMARASI":"namespacenumber","NAMESPACENUMBER":"namespacenumber","TARTIŞMAALANI":"talkspace","TARTIŞMABOŞLUĞU":"talkspace","TALKSPACE":"talkspace","TARTIŞMAALANIU":"talkspacee","TARTIŞMABOŞLUĞUU":"talkspacee","TALKSPACEE":"talkspacee","KONUALANI":"subjectspace","MADDEALANI":"subjectspace","KONUBOŞLUĞU":"subjectspace","MADDEBOŞLUĞU":"subjectspace","SUBJECTSPACE":"subjectspace","ARTICLESPACE":"subjectspace","KONUALANIU":"subjectspacee","MADDEALANIU":"subjectspacee","KONUBOŞLUĞUU":"subjectspacee","MADDEBOŞLUĞUU":"subjectspacee","SUBJECTSPACEE":"subjectspacee","ARTICLESPACEE":"subjectspacee","MADDESAYISI":"numberofarticles","NUMBEROFARTICLES":"numberofarticles","DOSYASAYISI":"numberoffiles","NUMBEROFFILES":"numberoffiles","KULLANICISAYISI":"numberofusers","NUMBEROFUSERS":"numberofusers","AKTİFKULLANICISAYISI":"numberofactiveusers","ETKİNKULLANICISAYISI":"numberofactiveusers","NUMBEROFACTIVEUSERS":"numberofactiveusers",
"SAYFASAYISI":"numberofpages","NUMBEROFPAGES":"numberofpages","HİZMETLİSAYISI":"numberofadmins","NUMBEROFADMINS":"numberofadmins","DEĞİŞİKLİKSAYISI":"numberofedits","NUMBEROFEDITS":"numberofedits","BAŞLIKGÖSTER":"displaytitle","DISPLAYTITLE":"displaytitle","!":"!","=":"=","MEVCUTAY":"currentmonth","MEVCUTAY2":"currentmonth","GÜNCELAY":"currentmonth","GÜNCELAY2":"currentmonth","CURRENTMONTH":"currentmonth","CURRENTMONTH2":"currentmonth","MEVCUTAY1":"currentmonth1","GÜNCELAY1":"currentmonth1","CURRENTMONTH1":"currentmonth1","MEVCUTAYADI":"currentmonthname","GÜNCELAYADI":"currentmonthname","CURRENTMONTHNAME":"currentmonthname","MEVCUTAYADIİYELİK":"currentmonthnamegen","GÜNCELAYADIİYELİK":"currentmonthnamegen","CURRENTMONTHNAMEGEN":"currentmonthnamegen","MEVCUTAYKISALTMASI":"currentmonthabbrev","GÜNCELAYKISALTMASI":"currentmonthabbrev","CURRENTMONTHABBREV":"currentmonthabbrev","MEVCUTGÜN":"currentday","GÜNCELGÜN":"currentday","CURRENTDAY":"currentday","MEVCUTGÜN2":
"currentday2","GÜNCELGÜN2":"currentday2","CURRENTDAY2":"currentday2","MEVCUTGÜNADI":"currentdayname","GÜNCELGÜNADI":"currentdayname","CURRENTDAYNAME":"currentdayname","MEVCUTYIL":"currentyear","GÜNCELYIL":"currentyear","CURRENTYEAR":"currentyear","MEVCUTZAMAN":"currenttime","GÜNCELZAMAN":"currenttime","CURRENTTIME":"currenttime","MEVCUTSAAT":"currenthour","GÜNCELSAAT":"currenthour","CURRENTHOUR":"currenthour","YERELAY":"localmonth","YERELAY2":"localmonth","LOCALMONTH":"localmonth","LOCALMONTH2":"localmonth","YERELAY1":"localmonth1","LOCALMONTH1":"localmonth1","YERELAYADI":"localmonthname","LOCALMONTHNAME":"localmonthname","YERELAYADIİYELİK":"localmonthnamegen","LOCALMONTHNAMEGEN":"localmonthnamegen","YERELAYKISALTMASI":"localmonthabbrev","LOCALMONTHABBREV":"localmonthabbrev","YERELGÜN":"localday","LOCALDAY":"localday","YERELGÜN2":"localday2","LOCALDAY2":"localday2","YERELGÜNADI":"localdayname","LOCALDAYNAME":"localdayname","YERELYIL":"localyear","LOCALYEAR":"localyear",
"YERELZAMAN":"localtime","LOCALTIME":"localtime","YERELSAAT":"localhour","LOCALHOUR":"localhour","SİTEADI":"sitename","SITENAME":"sitename","MEVCUTHAFTA":"currentweek","GÜNCELHAFTA":"currentweek","CURRENTWEEK":"currentweek","MEVCUTHAFTANINGÜNÜ":"currentdow","GÜNCELHAFTANINGÜNÜ":"currentdow","CURRENTDOW":"currentdow","YERELHAFTA":"localweek","LOCALWEEK":"localweek","YERELHAFTANINGÜNÜ":"localdow","LOCALDOW":"localdow","REVISIONSIZE":"revisionsize","MEVCUTSÜRÜM":"currentversion","GÜNCELSÜRÜM":"currentversion","CURRENTVERSION":"currentversion","MEVCUTZAMANBİLGİSİ":"currenttimestamp","GÜNCELZAMANBİLGİSİ":"currenttimestamp","CURRENTTIMESTAMP":"currenttimestamp","YERELZAMANBİLGİSİ":"localtimestamp","LOCALTIMESTAMP":"localtimestamp","YÖNİŞARETİ:":"directionmark","DIRECTIONMARK":"directionmark","DIRMARK":"directionmark","İÇERİKDİLİ":"contentlanguage","İÇERİKLİSANI":"contentlanguage","CONTENTLANGUAGE":"contentlanguage","CONTENTLANG":"contentlanguage",
"PAGELANGUAGE":"pagelanguage"}],"urlProtocols":"bitcoin\\:|ftp\\:\\/\\/|ftps\\:\\/\\/|geo\\:|git\\:\\/\\/|gopher\\:\\/\\/|http\\:\\/\\/|https\\:\\/\\/|irc\\:\\/\\/|ircs\\:\\/\\/|magnet\\:|mailto\\:|mms\\:\\/\\/|news\\:|nntp\\:\\/\\/|redis\\:\\/\\/|sftp\\:\\/\\/|sip\\:|sips\\:|sms\\:|ssh\\:\\/\\/|svn\\:\\/\\/|tel\\:|telnet\\:\\/\\/|urn\\:|worldwind\\:\\/\\/|xmpp\\:|\\/\\/","linkTrailCharacters":"/^([a-zÇĞçğİıÖöŞşÜüÂâÎîÛû]+)(.*)$/sDu"}}