{"extCodeMirrorConfig":{"pluginModules":["ext.CodeMirror.addons"],"tagModes":{"ref":"text/mediawiki","pre":"mw-tag-pre","nowiki":"mw-tag-nowiki"},"tags":{"pre":true,"nowiki":true,"gallery":true,"indicator":true,"langconvert":true,"timeline":true,"hiero":true,"source":true,"syntaxhighlight":true,"score":true,"templatestyles":true,"templatedata":true,"graph":true,"charinsert":true,"ref":true,"references":true,"inputbox":true,"imagemap":true,"poem":true,"categorytree":true,"section":true,"math":true,"ce":true,"chem":true,"maplink":true,"mapframe":true},"doubleUnderscore":[{"__नैवानुक्रमणी__":"notoc","__विषयसूचीहीनः__":"notoc","__नैवअनुक्रमणी__":"notoc","__notoc__":"notoc","__बिना_अनुक्रम__":"notoc","__विषय_सूची_हीन__":"notoc","__वीथिकाहीनः__":"nogallery",
"__नैवसंक्रमणका__":"nogallery","__nogallery__":"nogallery","__गैलरी_नहीं__":"nogallery","__अनुक्रमणी_दर्श्यताम्__":"forcetoc","__अनुक्रमणीसचते__":"forcetoc","__forcetoc__":"forcetoc","__अनुक्रम_दिखाएँ__":"forcetoc","__विषय_सूची_दिखाएँ__":"forcetoc","__विषय_सूची_दिखायें__":"forcetoc","__अनुक्रमणी__":"toc","__विषयसूची__":"toc","__toc__":"toc","__अनुक्रम__":"toc","__विषय_सूची__":"toc","__अनुभागसम्पादनं_नास्ति__":"noeditsection","__नैवसम्पादनविभाग__":"noeditsection","__noeditsection__":"noeditsection","__अनुभाग_सम्पादन_नहीं__":"noeditsection","__न_शीर्षकपरिवर्तितम्__":"notitleconvert",
"__नैवशिर्षकपरिवर्त__":"notitleconvert","__नैशिप__":"notitleconvert","__notitleconvert__":"notitleconvert","__notc__":"notitleconvert","__न_लेखपरिवर्तनम्__":"nocontentconvert","__नैवलेखपरिवर्त__":"nocontentconvert","__नैलेप__":"nocontentconvert","__nocontentconvert__":"nocontentconvert","__nocc__":"nocontentconvert"},{"__नवीनविभागपरिसन्धिः__":"newsectionlink","__नूतनविभागसम्बद्धं__":"newsectionlink","__NEWSECTIONLINK__":"newsectionlink","__विषय_जोड़ें_कड़ी__":"newsectionlink","__विषय_जोड़े_कड़ी_रहित__":"nonewsectionlink","__NONEWSECTIONLINK__":"nonewsectionlink","__निगूहितवर्गः__":"hiddencat","__लुप्तवर्ग__":"hiddencat","__HIDDENCAT__":"hiddencat","__छुपी_श्रेणी__":"hiddencat",
"__छिपी_श्रेणी__":"hiddencat","__EXPECTUNUSEDCATEGORY__":"expectunusedcategory","__अनुक्रमणी__":"index","__अनुक्रमणिका__":"index","__INDEX__":"index","__सूचीबद्ध__":"index","__अननुक्रमणी__":"noindex","__नैवअनुक्रमणिका__":"noindex","__NOINDEX__":"noindex","__असूचीबद्ध__":"noindex","__अनित्यपुनर्निर्देशनम्__":"staticredirect","__अनित्यपुनर्निदेशन__":"staticredirect","__STATICREDIRECT__":"staticredirect","__स्थिर_पुनर्प्रेषण__":"staticredirect","__स्थिर_अनुप्रेषण__":"staticredirect","__NOGLOBAL__":"noglobal","__DISAMBIG__":"disambiguation","__EXPECTED_UNCONNECTED_PAGE__":"expectedUnconnectedPage"}],"functionSynonyms":[{"नामस्थान":"ns","ns":"ns","नामस्थान_कोड":"nse","nse":"nse",
"यू_आर_एल_कोड":"urlencode","urlencode":"urlencode","छोटे_अक्षर_से_शुरू":"lcfirst","lcfirst":"lcfirst","बड़े_अक्षर_से_शुरू":"ucfirst","ucfirst":"ucfirst","छोटे_अक्षर":"lc","lc":"lc","बड़े_अक्षर":"uc","uc":"uc","स्थानीय_यू_आर_एल":"localurl","localurl":"localurl","स्थानीय_यू_आर_एल_कोड":"localurle","localurle":"localurle","पूर्ण_यू_आर_एल":"fullurl","fullurl":"fullurl","पूर्ण_यू_आर_एल_कोड":"fullurle","fullurle":"fullurle","मानक_यू_आर_एल":"canonicalurl","canonicalurl":"canonicalurl","मानक_यू_आर_एल_कोड":"canonicalurle","canonicalurle":"canonicalurle","प्रारूपसङ्ख्या":"formatnum","रचनासंख्या":"formatnum","formatnum":"formatnum","संख्या_रूप":"formatnum",
"व्याकरणम्":"grammar","व्याकरण":"grammar","grammar":"grammar","लिंग":"gender","gender":"gender","बहुवचनम्":"plural","अनेकवचन":"plural","plural":"plural","वचन":"plural","bidi":"bidi","#भाषा":"language","#language":"language","बाएँ_जोड़ें":"padleft","बायें_जोड़ें":"padleft","padleft":"padleft","दाएँ_जोड़ें":"padright","दायें_जोड़ें":"padright","padright":"padright","ऐंकर_कोड":"anchorencode","anchorencode":"anchorencode","सञ्चिकापथः":"filepath","संचिकापथ":"filepath","filepath":"filepath","फ़ाइल_पथ":"filepath","पृष्ठ_आइ_डी":"pageid","pageid":"pageid","विश्व":"int","int":"int","#विशेषः":"special","#विशेष":"special","#special":"special","#विशेष_कोड":"speciale","#speciale":"speciale",
"#अङ्कनम्":"tag","#वीजक":"tag","#tag":"tag","#टैग":"tag","#तिथि_रूप":"formatdate","#formatdate":"formatdate","#dateformat":"formatdate","#लक्ष्य":"target","#target":"target","#बेबल":"babel","#babel":"babel","#coordinates":"coordinates","#बुलाएँ":"invoke","#बुलायें":"invoke","#invoke":"invoke","#related":"related","#यदि":"if","#if":"if","#यदिसम":"ifeq","#यदि_समान":"ifeq","#यदि_बराबर":"ifeq","#ifeq":"ifeq","#बदलें":"switch","#switch":"switch","#यदि_मौजूद":"ifexist","#ifexist":"ifexist","#यदि_सूत्र":"ifexpr","#ifexpr":"ifexpr","#यदि_त्रुटि":"iferror","#iferror":"iferror","#समय":"time","#time":"time","#समय_स्थानीय":"timel","#timel":"timel","#सूत्र":"expr","#expr":"expr","#सम्बन्धित_से_पूर्ण":"rel2abs",
"#संबंधित_से_पूर्ण":"rel2abs","#rel2abs":"rel2abs","#शीर्षक_भाग":"titleparts","#titleparts":"titleparts","#श्रेणी_वृक्ष":"categorytree","#categorytree":"categorytree","#lst":"lst","#section":"lst","#lstx":"lstx","#section-x":"lstx","#lsth":"lsth","#section-h":"lsth","कोई_अंतरविकी_कड़ियाँ_नहीं":"noexternallanglinks","कोई_अंतरविकि_कड़ियाँ_नहीं":"noexternallanglinks","noexternallanglinks":"noexternallanglinks","#गुण":"property","#property":"property","#statements":"statements","#commaseparatedlist":"commaSeparatedList","#mentor":"mentor","लेख_पथ":"articlepath","articlepath":"articlepath","सर्वर":"server","server":"server","सर्वर_नाम":"servername","servername":"servername","स्क्रिप्ट_पथ":"scriptpath","scriptpath":"scriptpath","स्टाइल_पथ":"stylepath",
"stylepath":"stylepath","numberofwikis":"numberofwikis","wbreponame":"wbreponame"},{"समूहस्थसङ्ख्या":"numberingroup","गणानामसंख्या":"numberingroup","गणसंख्या":"numberingroup","NUMBERINGROUP":"numberingroup","NUMINGROUP":"numberingroup","समूह_संख्या":"numberingroup","मूल_सॉर्ट":"defaultsort","DEFAULTSORT":"defaultsort","DEFAULTSORTKEY":"defaultsort","DEFAULTCATEGORYSORT":"defaultsort","वर्गस्थपृष्ठानि":"pagesincategory","वर्गेपृष्ठ":"pagesincategory","PAGESINCATEGORY":"pagesincategory","PAGESINCAT":"pagesincategory","श्रेणी_में_पृष्ठ":"pagesincategory","पृष्ठाकारः":"pagesize","पृष्ठाकार":"pagesize","PAGESIZE":"pagesize","पृष्ठ_आकार":"pagesize","रक्षास्तरः":"protectionlevel","रक्षास्तर":"protectionlevel",
"PROTECTIONLEVEL":"protectionlevel","सुरक्षा_स्तर":"protectionlevel","PROTECTIONEXPIRY":"protectionexpiry","पृष्ठनाम":"pagename","PAGENAME":"pagename","पृष्ठ_नाम":"pagename","पृष्ठ_नाम_कोड":"pagenamee","PAGENAMEE":"pagenamee","पूर्णपृष्ठनाम":"fullpagename","FULLPAGENAME":"fullpagename","पूर्ण_पृष्ठ_नाम":"fullpagename","पूर्ण_पृष्ठ_नाम_कोड":"fullpagenamee","FULLPAGENAMEE":"fullpagenamee","उपपृष्ठनाम":"subpagename","SUBPAGENAME":"subpagename","उपपृष्ठ_नाम":"subpagename","उपपृष्ठ_नाम_कोड":"subpagenamee","SUBPAGENAMEE":"subpagenamee","मूल_पृष्ठ_नाम":"rootpagename","ROOTPAGENAME":"rootpagename","मूल_पृष्ठ_नाम_कोड":"rootpagenamee","ROOTPAGENAMEE":"rootpagenamee","आधारपृष्ठनाम":"basepagename",
"BASEPAGENAME":"basepagename","तल_पृष्ठ_नाम":"basepagename","तल_पृष्ठ_नाम_कोड":"basepagenamee","BASEPAGENAMEE":"basepagenamee","सम्भाषणपृष्ठनाम":"talkpagename","संवादपृष्ठनाम":"talkpagename","TALKPAGENAME":"talkpagename","चर्चा_पृष्ठ_नाम":"talkpagename","चर्चा_पृष्ठ_नाम_कोड":"talkpagenamee","TALKPAGENAMEE":"talkpagenamee","विषयपृष्ठनाम":"subjectpagename","लेखपृष्ठनाम":"subjectpagename","SUBJECTPAGENAME":"subjectpagename","ARTICLEPAGENAME":"subjectpagename","सामग्री_पृष्ठ_नाम":"subjectpagename","लेख_पृष्ठ_नाम":"subjectpagename","सामग्री_पृष्ठ_नाम_कोड":"subjectpagenamee","लेख_पृष्ठ_नाम_कोड":"subjectpagenamee","SUBJECTPAGENAMEE":"subjectpagenamee","ARTICLEPAGENAMEE":
"subjectpagenamee","आवृत्तिक्रमाङ्कः":"revisionid","आवृत्तीक्रमांक":"revisionid","REVISIONID":"revisionid","अवतरण_संख्या":"revisionid","आवृत्तिदिवसः":"revisionday","आवृत्तीदिवसे":"revisionday","REVISIONDAY":"revisionday","अवतरण_दिन":"revisionday","आवृत्तिदिवसः२":"revisionday2","आवृत्तीदिवसे२":"revisionday2","REVISIONDAY2":"revisionday2","अवतरण_दिन2":"revisionday2","अवतरण_दिन२":"revisionday2","आवृत्तिमासः":"revisionmonth","आवृत्तीमासे":"revisionmonth","REVISIONMONTH":"revisionmonth","अवतरण_माह":"revisionmonth","अवतरण_माह1":"revisionmonth1","अवतरण_माह१":"revisionmonth1","REVISIONMONTH1":"revisionmonth1","आवृत्तिवर्षम्":"revisionyear",
"आवृत्तीवर्षे":"revisionyear","REVISIONYEAR":"revisionyear","अवतरण_वर्ष":"revisionyear","आवृत्तिसमयमुद्रा":"revisiontimestamp","आवृत्तीसमयमुद्रा":"revisiontimestamp","REVISIONTIMESTAMP":"revisiontimestamp","अवतरण_समय":"revisiontimestamp","अवतरण_सदस्य":"revisionuser","REVISIONUSER":"revisionuser","सीढ़ी_सुरक्षा_स्रोत":"cascadingsources","CASCADINGSOURCES":"cascadingsources","नामस्थानम्":"namespace","नामविश्व":"namespace","NAMESPACE":"namespace","नामस्थान":"namespace","नामस्थान_कोड":"namespacee","NAMESPACEE":"namespacee","नामस्थान_संख्या":"namespacenumber","NAMESPACENUMBER":"namespacenumber","सम्भाषणस्थानम्":"talkspace","व्यासपिठ":"talkspace","TALKSPACE":"talkspace",
"चर्चा_स्थान":"talkspace","चर्चा_स्थान_कोड":"talkspacee","TALKSPACEE":"talkspacee","विषयस्थानम्":"subjectspace","लेखस्थानम्":"subjectspace","विषयविश्व":"subjectspace","लेखविश्व":"subjectspace","SUBJECTSPACE":"subjectspace","ARTICLESPACE":"subjectspace","सामग्री_स्थान":"subjectspace","लेख_स्थान":"subjectspace","सामग्री_स्थान_कोड":"subjectspacee","लेख_स्थान_कोड":"subjectspacee","SUBJECTSPACEE":"subjectspacee","ARTICLESPACEE":"subjectspacee","लेखसङ्ख्या":"numberofarticles","लेखस्य‌सङ्ख्या":"numberofarticles","NUMBEROFARTICLES":"numberofarticles","लेख_संख्या":"numberofarticles","सञ्चिकासङ्ख्या":"numberoffiles","संचिकानाम्‌‌सङ्ख्या":"numberoffiles",
"NUMBEROFFILES":"numberoffiles","फ़ाइल_संख्या":"numberoffiles","फाइल_संख्या":"numberoffiles","सदस्यसङ्ख्या":"numberofusers","योजकस्यसङ्ख्या":"numberofusers","NUMBEROFUSERS":"numberofusers","सदस्य_संख्या":"numberofusers","सक्रिय_सदस्य_संख्या":"numberofactiveusers","NUMBEROFACTIVEUSERS":"numberofactiveusers","पृष्ठसङ्ख्या":"numberofpages","पृष्ठानाम्‌सङ्ख्या":"numberofpages","NUMBEROFPAGES":"numberofpages","पृष्ठ_संख्या":"numberofpages","प्रबन्धकसङ्ख्या":"numberofadmins","प्रचालकसंख्या":"numberofadmins","NUMBEROFADMINS":"numberofadmins","प्रबन्धक_संख्या":"numberofadmins","प्रबंधक_संख्या":"numberofadmins","सम्पादनसङ्ख्या":
"numberofedits","NUMBEROFEDITS":"numberofedits","सम्पादन_संख्या":"numberofedits","दृश्यशीर्षकम्":"displaytitle","प्रदर्शनशीर्षक":"displaytitle","उपाधिदर्शन":"displaytitle","DISPLAYTITLE":"displaytitle","दृश्य_शीर्षक":"displaytitle","!":"!","=":"=","सद्योमासः":"currentmonth","वर्तमानमासः":"currentmonth","वर्तमानमासः२":"currentmonth","अद्यमासे":"currentmonth","CURRENTMONTH":"currentmonth","CURRENTMONTH2":"currentmonth","वर्तमान_माह":"currentmonth","वर्तमान_माह2":"currentmonth","वर्तमान_माह२":"currentmonth","वर्तमान_माह1":"currentmonth1","वर्तमान_माह१":"currentmonth1","CURRENTMONTH1":"currentmonth1","सद्योमासनाम":"currentmonthname","अद्यमासेनाम"
:"currentmonthname","CURRENTMONTHNAME":"currentmonthname","वर्तमान_माह_नाम":"currentmonthname","सद्योमासनामसम्बन्धः":"currentmonthnamegen","अद्यमासेनामसाधारण":"currentmonthnamegen","CURRENTMONTHNAMEGEN":"currentmonthnamegen","वर्तमान_माह_सम्बन्ध":"currentmonthnamegen","सद्योमाससङ्क्षिप्तम्":"currentmonthabbrev","अद्यमासेसंक्षीप्त":"currentmonthabbrev","CURRENTMONTHABBREV":"currentmonthabbrev","वर्तमान_माह_संक्षेप":"currentmonthabbrev","सद्योदिवसः":"currentday","वर्तमानदिवसः":"currentday","अद्यदिवसे":"currentday","CURRENTDAY":"currentday","वर्तमान_दिन":"currentday","सद्योदिवसः२":"currentday2","वर्तमानदिवसः२":"currentday2",
"अद्यदिवसे२":"currentday2","CURRENTDAY2":"currentday2","वर्तमान_दिन2":"currentday2","वर्तमान_दिन२":"currentday2","सद्योदिवसनाम":"currentdayname","वर्तमानदिवसनाम":"currentdayname","अद्यदिवसेनाम":"currentdayname","CURRENTDAYNAME":"currentdayname","वर्तमान_दिन_नाम":"currentdayname","सद्योवर्षम्":"currentyear","वर्तमानवर्षम्":"currentyear","अद्यवर्ष":"currentyear","CURRENTYEAR":"currentyear","वर्तमान_वर्ष":"currentyear","सद्यस्समयः":"currenttime","वर्तमानसमयः":"currenttime","सद्यसमय":"currenttime","CURRENTTIME":"currenttime","वर्तमान_समय":"currenttime","सद्योहोरा":"currenthour","वर्तमानहोरा":"currenthour",
"सद्यघण्टा":"currenthour","CURRENTHOUR":"currenthour","वर्तमान_घंटा":"currenthour","स्थानिकमासः":"localmonth","स्थानिकमासे":"localmonth","LOCALMONTH":"localmonth","LOCALMONTH2":"localmonth","स्थानीय_माह":"localmonth","स्थानीय_माह2":"localmonth","स्थानीय_माह२":"localmonth","स्थानीय_माह1":"localmonth1","स्थानीय_माह१":"localmonth1","LOCALMONTH1":"localmonth1","स्थानिकमासनाम":"localmonthname","स्थानिकमासेनाम":"localmonthname","LOCALMONTHNAME":"localmonthname","स्थानीय_माह_नाम":"localmonthname","स्थानिकमासनामसम्बन्धः":"localmonthnamegen","स्थानिकमासेनामसाधारण":"localmonthnamegen","LOCALMONTHNAMEGEN":"localmonthnamegen",
"स्थानीय_माह_सम्बन्ध":"localmonthnamegen","स्थानिकमाससङ्क्षिप्तम्":"localmonthabbrev","स्थानिकमासेसंक्षीप्त":"localmonthabbrev","LOCALMONTHABBREV":"localmonthabbrev","स्थानीय_माह_संक्षेप":"localmonthabbrev","स्थानिकदिवसः":"localday","स्थानिकदिवसे":"localday","LOCALDAY":"localday","स्थानीय_दिन":"localday","स्थानिकदिवसः२":"localday2","स्थानिकदिवसे२":"localday2","LOCALDAY2":"localday2","स्थानीय_दिन2":"localday2","स्थानीय_दिन२":"localday2","स्थानिकदिवसनाम":"localdayname","स्थानिकदिवसेनाम":"localdayname","LOCALDAYNAME":"localdayname","स्थानीय_दिन_नाम":"localdayname",
"स्थानिकवर्षम्":"localyear","स्थानिकवर्षे":"localyear","LOCALYEAR":"localyear","स्थानीय_वर्ष":"localyear","स्थानिकसमयः":"localtime","स्थानिकसमये":"localtime","LOCALTIME":"localtime","स्थानीय_समय":"localtime","स्थानिकहोरा":"localhour","स्थानिकघण्टा":"localhour","LOCALHOUR":"localhour","स्थानीय_घंटा":"localhour","स्थाननाम":"sitename","स्थलनाम":"sitename","SITENAME":"sitename","साइट_नाम":"sitename","सद्यस्सप्ताहः":"currentweek","अद्यसप्ताह":"currentweek","CURRENTWEEK":"currentweek","वर्तमान_सप्ताह":"currentweek","वर्तमान_सप्ताह_का_दिन":"currentdow","CURRENTDOW":"currentdow","स्थानिकसप्ताहः":"localweek",
"स्थानिकसप्ताह":"localweek","LOCALWEEK":"localweek","स्थानीय_सप्ताह":"localweek","स्थानीय_सप्ताह_का_दिन":"localdow","LOCALDOW":"localdow","अवतरण_आकार":"revisionsize","REVISIONSIZE":"revisionsize","सद्यरावृत्तिः":"currentversion","अद्यआवृत्ती":"currentversion","CURRENTVERSION":"currentversion","वर्तमान_अवतरण":"currentversion","सद्यस्समयमुद्रा":"currenttimestamp","सद्यसमयमुद्रा":"currenttimestamp","CURRENTTIMESTAMP":"currenttimestamp","वर्तमान_समय_मुहर":"currenttimestamp","स्थानिकसमयमुद्रा":"localtimestamp","LOCALTIMESTAMP":"localtimestamp","स्थानीय_समय_मुहर":"localtimestamp","दिशाचिह्नम्":"directionmark","दिशाचिह्न":"directionmark"
,"दिशे":"directionmark","DIRECTIONMARK":"directionmark","DIRMARK":"directionmark","दिशा_चिन्ह":"directionmark","सामग्रीभाषा":"contentlanguage","विषयभाषा":"contentlanguage","आधेयभाषा":"contentlanguage","CONTENTLANGUAGE":"contentlanguage","CONTENTLANG":"contentlanguage","सामग्री_भाषा":"contentlanguage","PAGELANGUAGE":"pagelanguage"}],"urlProtocols":"bitcoin\\:|ftp\\:\\/\\/|ftps\\:\\/\\/|geo\\:|git\\:\\/\\/|gopher\\:\\/\\/|http\\:\\/\\/|https\\:\\/\\/|irc\\:\\/\\/|ircs\\:\\/\\/|magnet\\:|mailto\\:|mms\\:\\/\\/|news\\:|nntp\\:\\/\\/|redis\\:\\/\\/|sftp\\:\\/\\/|sip\\:|sips\\:|sms\\:|ssh\\:\\/\\/|svn\\:\\/\\/|tel\\:|telnet\\:\\/\\/|urn\\:|worldwind\\:\\/\\/|xmpp\\:|\\/\\/","linkTrailCharacters":"/^([a-z\\x{0900}-\\x{0963}\\x{0966}-\\x{A8E0}-\\x{A8FF}]+)(.*)$/sDu"}}