{"extCodeMirrorConfig":{"pluginModules":["ext.CodeMirror.addons"],"tagModes":{"ref":"text/mediawiki","pre":"mw-tag-pre","nowiki":"mw-tag-nowiki"},"tags":{"pre":true,"nowiki":true,"gallery":true,"indicator":true,"langconvert":true,"timeline":true,"hiero":true,"source":true,"syntaxhighlight":true,"score":true,"talkpage":true,"thread":true,"templatestyles":true,"templatedata":true,"graph":true,"charinsert":true,"ref":true,"references":true,"inputbox":true,"imagemap":true,"poem":true,"categorytree":true,"section":true,"math":true,"ce":true,"chem":true,"maplink":true,"mapframe":true},"doubleUnderscore":[{"__nincstartalomjegyzék__":"notoc","__nincstj__":"notoc","__notoc__":"notoc","__nincsgaléria__":"nogallery","__nogallery__":"nogallery","__legyentartalomjegyzék__":"forcetoc","__legyentj__":"forcetoc","__forcetoc__":"forcetoc","__tartalomjegyzék__":"toc","__tj__":"toc","__toc__":"toc",
"__nincsszerkesztés__":"noeditsection","__nincsszerk__":"noeditsection","__noeditsection__":"noeditsection","__notitleconvert__":"notitleconvert","__notc__":"notitleconvert","__nocontentconvert__":"nocontentconvert","__nocc__":"nocontentconvert"},{"__ÚJSZAKASZHIV__":"newsectionlink","__ÚJSZAKASZLINK__":"newsectionlink","__NEWSECTIONLINK__":"newsectionlink","__NINCSÚJSZAKASZHIV__":"nonewsectionlink","__NINCSÚJSZAKASZLINK__":"nonewsectionlink","__NONEWSECTIONLINK__":"nonewsectionlink","__REJTETTKAT__":"hiddencat","__REJTETTKATEGÓRIA__":"hiddencat","__HIDDENCAT__":"hiddencat","__EXPECTUNUSEDCATEGORY__":"expectunusedcategory","__INDEX__":"index","__NINCSINDEX__":"noindex","__NOINDEX__":"noindex","__ÁLLANDÓÁTIRÁNYÍTÁS__":"staticredirect","__STATIKUSÁTIRÁNYÍTÁS__":"staticredirect","__STATICREDIRECT__":"staticredirect","__NOGLOBAL__":"noglobal","__DISAMBIG__":"disambiguation","__EXPECTED_UNCONNECTED_PAGE__":"expectedUnconnectedPage"}],"functionSynonyms":[{"névtér":"ns","ns":
"ns","nse":"nse","urlkódolva":"urlencode","urlencode":"urlencode","kiskezdő":"lcfirst","kiskezdőbetű":"lcfirst","lcfirst":"lcfirst","nagykezdő":"ucfirst","nagykezdőbetű":"ucfirst","ucfirst":"ucfirst","kisbetű":"lc","kisbetűk":"lc","kb":"lc","kisbetűs":"lc","lc":"lc","nagybetű":"uc","nagybetűk":"uc","nb":"uc","nagybetűs":"uc","uc":"uc","helyiurl":"localurl","localurl":"localurl","helyiurle":"localurle","localurle":"localurle","teljesurl":"fullurl","fullurl":"fullurl","teljesurle":"fullurle","fullurle":"fullurle","canonicalurl":"canonicalurl","canonicalurle":"canonicalurle","formázottszám":"formatnum","számformázás":"formatnum","számform":"formatnum","formatnum":"formatnum","nyelvtan":"grammar","grammar":"grammar","gender":"gender","többesszám":"plural","plural":"plural","bidi":"bidi","#nyelv":"language","#language":"language","padleft":"padleft","padright":"padright","horgonykódolva":"anchorencode","anchorencode":"anchorencode","elérésiút":"filepath","filepath":
"filepath","pageid":"pageid","int":"int","#speciális":"special","#special":"special","#speciale":"speciale","#tag":"tag","#dátumformázás":"formatdate","#formatdate":"formatdate","#dateformat":"formatdate","#useliquidthreads":"useliquidthreads","#lqtpagelimit":"lqtpagelimit","#target":"target","#babel":"babel","#coordinates":"coordinates","#invoke":"invoke","#related":"related","#assessment":"assessment","#ha":"if","#if":"if","#haegyenlő":"ifeq","#ifeq":"ifeq","#switch":"switch","#halétezik":"ifexist","#ifexist":"ifexist","#hakif":"ifexpr","#ifexpr":"ifexpr","#hahibás":"iferror","#iferror":"iferror","#idő":"time","#time":"time","#timel":"timel","#kif":"expr","#expr":"expr","#rel2abs":"rel2abs","#titleparts":"titleparts","#categorytree":"categorytree","#lst":"lst","#section":"lst","#lstx":"lstx","#section-x":"lstx","#lsth":"lsth","#section-h":"lsth","noexternallanglinks":"noexternallanglinks","#property":"property","#statements":"statements","#commaseparatedlist":
"commaSeparatedList","#mentor":"mentor","articlepath":"articlepath","szerver":"server","kiszolgáló":"server","server":"server","szerverneve":"servername","kiszolgálóneve":"servername","servername":"servername","scriptpath":"scriptpath","stylepath":"stylepath","numberofwikis":"numberofwikis","wbreponame":"wbreponame"},{"CSOPORTTAGOK":"numberingroup","NUMBERINGROUP":"numberingroup","NUMINGROUP":"numberingroup","RENDEZÉS":"defaultsort","KULCS":"defaultsort","DEFAULTSORT":"defaultsort","DEFAULTSORTKEY":"defaultsort","DEFAULTCATEGORYSORT":"defaultsort","LAPOKAKATEGÓRIÁBAN":"pagesincategory","PAGESINCATEGORY":"pagesincategory","PAGESINCAT":"pagesincategory","LAPMÉRET":"pagesize","PAGESIZE":"pagesize","VÉDELMISZINT":"protectionlevel","PROTECTIONLEVEL":"protectionlevel","PROTECTIONEXPIRY":"protectionexpiry","OLDALNEVE":"pagename","PAGENAME":"pagename","OLDALNEVEE":"pagenamee","PAGENAMEE":"pagenamee","LAPTELJESNEVE":"fullpagename","FULLPAGENAME":"fullpagename","LAPTELJESNEVEE":
"fullpagenamee","FULLPAGENAMEE":"fullpagenamee","ALLAPNEVE":"subpagename","SUBPAGENAME":"subpagename","ALLAPNEVEE":"subpagenamee","SUBPAGENAMEE":"subpagenamee","ROOTPAGENAME":"rootpagename","ROOTPAGENAMEE":"rootpagenamee","ALAPLAPNEVE":"basepagename","BASEPAGENAME":"basepagename","ALAPLAPNEVEE":"basepagenamee","BASEPAGENAMEE":"basepagenamee","VITALAPNEVE":"talkpagename","TALKPAGENAME":"talkpagename","VITALAPNEVEE":"talkpagenamee","TALKPAGENAMEE":"talkpagenamee","SZÓCIKKNEVE":"subjectpagename","SUBJECTPAGENAME":"subjectpagename","ARTICLEPAGENAME":"subjectpagename","SZÓCIKKNEVEE":"subjectpagenamee","SUBJECTPAGENAMEE":"subjectpagenamee","ARTICLEPAGENAMEE":"subjectpagenamee","VÁLTOZATAZON":"revisionid","VÁLTOZATAZONOSÍTÓ":"revisionid","REVISIONID":"revisionid","VÁLTOZATNAPJA":"revisionday","REVISIONDAY":"revisionday","VÁLTOZATNAPJA2":"revisionday2","REVISIONDAY2":"revisionday2","VÁLTOZATHÓNAPJA":"revisionmonth","REVISIONMONTH":"revisionmonth","REVISIONMONTH1":"revisionmonth1",
"VÁLTOZATÉVE":"revisionyear","REVISIONYEAR":"revisionyear","VÁLTOZATIDŐBÉLYEG":"revisiontimestamp","VÁLTOZATIDEJE":"revisiontimestamp","REVISIONTIMESTAMP":"revisiontimestamp","VÁLTOZATSZERKESZTŐJE":"revisionuser","REVISIONUSER":"revisionuser","CASCADINGSOURCES":"cascadingsources","NÉVTERE":"namespace","NAMESPACE":"namespace","NÉVTEREE":"namespacee","NAMESPACEE":"namespacee","NAMESPACENUMBER":"namespacenumber","VITATERE":"talkspace","TALKSPACE":"talkspace","VITATEREE":"talkspacee","TALKSPACEE":"talkspacee","SZÓCIKKNÉVTERE":"subjectspace","SUBJECTSPACE":"subjectspace","ARTICLESPACE":"subjectspace","SZÓCIKKNÉVTEREE":"subjectspacee","SUBJECTSPACEE":"subjectspacee","ARTICLESPACEE":"subjectspacee","SZÓCIKKEKSZÁMA":"numberofarticles","NUMBEROFARTICLES":"numberofarticles","FÁJLOKSZÁMA":"numberoffiles","KÉPEKSZÁMA":"numberoffiles","NUMBEROFFILES":"numberoffiles","SZERKESZTŐKSZÁMA":"numberofusers","NUMBEROFUSERS":"numberofusers","AKTÍVSZERKESZTŐKSZÁMA":
"numberofactiveusers","NUMBEROFACTIVEUSERS":"numberofactiveusers","OLDALAKSZÁMA":"numberofpages","LAPOKSZÁMA":"numberofpages","NUMBEROFPAGES":"numberofpages","ADMINOKSZÁMA":"numberofadmins","NUMBEROFADMINS":"numberofadmins","SZERKESZTÉSEKSZÁMA":"numberofedits","NUMBEROFEDITS":"numberofedits","MEGJELENÍTENDŐCÍM":"displaytitle","CÍM":"displaytitle","DISPLAYTITLE":"displaytitle","!":"!","=":"=","HÓNAP":"currentmonth","CURRENTMONTH":"currentmonth","CURRENTMONTH2":"currentmonth","HÓNAP1":"currentmonth1","CURRENTMONTH1":"currentmonth1","HÓNAPNEVE":"currentmonthname","CURRENTMONTHNAME":"currentmonthname","CURRENTMONTHNAMEGEN":"currentmonthnamegen","HÓNAPRÖVID":"currentmonthabbrev","CURRENTMONTHABBREV":"currentmonthabbrev","MAINAP":"currentday","CURRENTDAY":"currentday","MAINAP2":"currentday2","CURRENTDAY2":"currentday2","MAINAPNEVE":"currentdayname","CURRENTDAYNAME":"currentdayname","ÉV":"currentyear","CURRENTYEAR":"currentyear","IDŐ":"currenttime","CURRENTTIME":"currenttime",
"ÓRA":"currenthour","CURRENTHOUR":"currenthour","HELYIHÓNAP":"localmonth","LOCALMONTH":"localmonth","LOCALMONTH2":"localmonth","HELYIHÓNAP1":"localmonth1","LOCALMONTH1":"localmonth1","HELYIHÓNAPNÉV":"localmonthname","LOCALMONTHNAME":"localmonthname","LOCALMONTHNAMEGEN":"localmonthnamegen","HELYIHÓNAPRÖVIDÍTÉS":"localmonthabbrev","LOCALMONTHABBREV":"localmonthabbrev","HELYINAP":"localday","LOCALDAY":"localday","HELYINAP2":"localday2","LOCALDAY2":"localday2","HELYINAPNEVE":"localdayname","LOCALDAYNAME":"localdayname","HELYIÉV":"localyear","LOCALYEAR":"localyear","HELYIIDŐ":"localtime","LOCALTIME":"localtime","HELYIÓRA":"localhour","LOCALHOUR":"localhour","WIKINEVE":"sitename","SITENAME":"sitename","HÉT":"currentweek","CURRENTWEEK":"currentweek","HÉTNAPJA":"currentdow","CURRENTDOW":"currentdow","HELYIHÉT":"localweek","LOCALWEEK":"localweek","HELYIHÉTNAPJA":"localdow","LOCALDOW":"localdow","REVISIONSIZE":"revisionsize","JELENLEGIVÁLTOZAT":"currentversion","CURRENTVERSION":
"currentversion","IDŐBÉLYEG":"currenttimestamp","CURRENTTIMESTAMP":"currenttimestamp","HELYIIDŐBÉLYEG":"localtimestamp","LOCALTIMESTAMP":"localtimestamp","IRÁNYJELZŐ":"directionmark","DIRECTIONMARK":"directionmark","DIRMARK":"directionmark","TARTALOMNYELVE":"contentlanguage","TARTNYELVE":"contentlanguage","CONTENTLANGUAGE":"contentlanguage","CONTENTLANG":"contentlanguage","PAGELANGUAGE":"pagelanguage"}],"urlProtocols":"bitcoin\\:|ftp\\:\\/\\/|ftps\\:\\/\\/|geo\\:|git\\:\\/\\/|gopher\\:\\/\\/|http\\:\\/\\/|https\\:\\/\\/|irc\\:\\/\\/|ircs\\:\\/\\/|magnet\\:|mailto\\:|mms\\:\\/\\/|news\\:|nntp\\:\\/\\/|redis\\:\\/\\/|sftp\\:\\/\\/|sip\\:|sips\\:|sms\\:|ssh\\:\\/\\/|svn\\:\\/\\/|tel\\:|telnet\\:\\/\\/|urn\\:|worldwind\\:\\/\\/|xmpp\\:|\\/\\/","linkTrailCharacters":"/^([a-záéíóúöüőűÁÉÍÓÚÖÜŐŰ]+)(.*)$/sDu"}}