{
  "mainpage" : "ÔN KEUE",
  "namespace" : {
    "" : 0,
    "ALAT" : -2,
    "ALATWIKI" : 8,
    "BANTUAN" : 12,
    "BANTUAN PEMBICARAAN" : 13,
    "BERKAS" : 6,
    "BEUNANTU" : 12,
    "BEUREUKAIH" : 6,
    "BICARA" : 1,
    "BICARA PENGGUNA" : 3,
    "CATEGORY" : 14,
    "CATEGORY TALK" : 15,
    "FILE" : 6,
    "FILE TALK" : 7,
    "GADGET" : 2300,
    "GADGET DEFINITION" : 2302,
    "GADGET DEFINITION TALK" : 2303,
    "GADGET TALK" : 2301,
    "GAMBAR" : 6,
    "GAMBAR PEMBICARAAN" : 7,
    "HELP" : 12,
    "HELP TALK" : 13,
    "IMAGE" : 6,
    "IMAGE TALK" : 7,
    "ISTIMEWA" : -1,
    "KATEGORI" : 14,
    "KATEGORI PEMBICARAAN" : 15,
    "KAWAN" : 14,
    "KUSUIH" : -1,
    "MARIT" : 1,
    "MARIT ALATWIKI" : 9,
    "MARIT BEUNANTU" : 13,
    "MARIT BEUREUKAIH" : 7,
    "MARIT KAWAN" : 15,
    "MARIT MEDIAWIKI" : 9,
    "MARIT POLA" : 11,
    "MARIT SEUNALEUËK" : 11,
    "MARIT UREUËNG NGUI" : 3,
    "MARIT UREUËNG NGUY" : 3,
    "MARIT WIKIPEDIA" : 5,
    "MEDIA" : -2,
    "MEDIAWIKI" : 8,
    "MEDIAWIKI PEMBICARAAN" : 9,
    "MEDIAWIKI TALK" : 9,
    "MODUL" : 828,
    "MODULE" : 828,
    "MODULE TALK" : 829,
    "PEMBICARAAN" : 1,
    "PEMBICARAAN BANTUAN" : 13,
    "PEMBICARAAN BERKAS" : 7,
    "PEMBICARAAN GAMBAR" : 7,
    "PEMBICARAAN KATEGORI" : 15,
    "PEMBICARAAN MEDIAWIKI" : 9,
    "PEMBICARAAN MODUL" : 829,
    "PEMBICARAAN PENGGUNA" : 3,
    "PEMBICARAAN TEMPLAT" : 11,
    "PEMBICARAAN WIKIPEDIA" : 5,
    "PENGGUNA" : 2,
    "POLA" : 10,
    "PROJECT" : 4,
    "PROJECT TALK" : 5,
    "SEUNALEUËK" : 10,
    "SPECIAL" : -1,
    "TALK" : 1,
    "TEMPLAT" : 10,
    "TEMPLAT PEMBICARAAN" : 11,
    "TEMPLATE" : 10,
    "TEMPLATE TALK" : 11,
    "TIMEDTEXT" : 710,
    "TIMEDTEXT TALK" : 711,
    "UREUËNG NGUI" : 2,
    "UREUËNG NGUY" : 2,
    "USER" : 2,
    "USER TALK" : 3,
    "WIKIPEDIA" : 4,
    "WIKIPEDIA TALK" : 5,
    "WP" : 4
  }
}