{
  "mainpage" : "বেটুপাত",
  "namespace" : {
    "" : 0,
    "CAT" : 14,
    "CATEGORY" : 14,
    "CATEGORY TALK" : 15,
    "FILE" : 6,
    "FILE TALK" : 7,
    "GADGET" : 2300,
    "GADGET DEFINITION" : 2302,
    "GADGET DEFINITION TALK" : 2303,
    "GADGET TALK" : 2301,
    "HELP" : 12,
    "HELP TALK" : 13,
    "IMAGE" : 6,
    "IMAGE TALK" : 7,
    "MEDIA" : -2,
    "MEDIAWIKI" : 8,
    "MEDIAWIKI TALK" : 9,
    "MEDIAWIKI বার্তা" : 9,
    "MODULE" : 828,
    "MODULE TALK" : 829,
    "PROJECT" : 4,
    "PROJECT TALK" : 5,
    "SPECIAL" : -1,
    "TALK" : 1,
    "TEMPLATE" : 10,
    "TEMPLATE TALK" : 11,
    "TIMEDTEXT" : 710,
    "TIMEDTEXT TALK" : 711,
    "USER" : 2,
    "USER TALK" : 3,
    "WIKIPEDIA" : 4,
    "WIKIPEDIA TALK" : 5,
    "WIKIPEDIA বার্তা" : 5,
    "WP" : 4,
    "चित्र" : 6,
    "चित्र वार्ता" : 7,
    "वार्ता" : 1,
    "विशेष" : -1,
    "श्रेणी" : 14,
    "श्रेणी वार्ता" : 15,
    "सदस्य" : 2,
    "सदस्य वार्ता" : 3,
    "साँचा" : 10,
    "साँचा वार्ता" : 11,
    "চিত্র" : 6,
    "চিত্র বার্তা" : 7,
    "চিত্ৰ" : 6,
    "চিত্ৰ বাৰ্তা" : 7,
    "প্ৰকল্প" : 4,
    "প্ৰকল্প আলোচনা" : 5,
    "বাটচ'ৰা" : 100,
    "বাটচ'ৰা আলোচনা" : 101,
    "বার্তা" : 1,
    "বাৰ্তা" : 1,
    "বিশেষ" : -1,
    "মাধ্যম" : -2,
    "মিডিয়াৱিকি" : 8,
    "মিডিয়াৱিকি আলোচনা" : 9,
    "মেডিয়াৱিকি" : 8,
    "মেডিয়াৱিকি বাৰ্তা" : 9,
    "ৱিকিচ'ৰা" : 100,
    "ৱিকিচ'ৰা আলোচনা" : 101,
    "ৱিকিপিডিয়া" : 4,
    "ৱিকিপিডিয়া वार्ता" : 5,
    "ৱিকিপিডিয়া বার্তা" : 5,
    "ৱিকিপিডিয়া বাৰ্তা" : 5,
    "শ্রেণী" : 14,
    "শ্রেণী বার্তা" : 15,
    "শ্ৰেণী" : 14,
    "শ্ৰেণী বাৰ্তা" : 15,
    "সদস্য" : 2,
    "সদস্য বার্তা" : 3,
    "সদস্য বাৰ্তা" : 3,
    "সহায়" : 12,
    "সহায় বার্তা" : 13,
    "সহায় বাৰ্তা" : 13,
    "সাঁচ" : 10,
    "সাঁচ বার্তা" : 11,
    "সাঁচ বাৰ্তা" : 11
  }
}