{
  "mainpage" : "मुख्य पन्ना",
  "namespace" : {
    "" : 0,
    "CATEGORY" : 14,
    "CATEGORY TALK" : 15,
    "FILE" : 6,
    "FILE TALK" : 7,
    "GADGET" : 2300,
    "GADGET DEFINITION" : 2302,
    "GADGET DEFINITION TALK" : 2303,
    "GADGET TALK" : 2301,
    "HELP" : 12,
    "HELP TALK" : 13,
    "IMAGE" : 6,
    "IMAGE TALK" : 7,
    "MEDIA" : -2,
    "MEDIAWIKI" : 8,
    "MEDIAWIKI TALK" : 9,
    "MODULE" : 828,
    "MODULE TALK" : 829,
    "PROJECT" : 4,
    "PROJECT TALK" : 5,
    "SPECIAL" : -1,
    "TALK" : 1,
    "TEMPLATE" : 10,
    "TEMPLATE TALK" : 11,
    "TIMEDTEXT" : 710,
    "TIMEDTEXT TALK" : 711,
    "U" : 2,
    "USER" : 2,
    "USER TALK" : 3,
    "WIKIPEDIA" : 4,
    "WIKIPEDIA TALK" : 5,
    "WP" : 4,
    "चित्र" : 6,
    "चित्र वार्ता" : 7,
    "टेम्पलेट" : 10,
    "टेम्पलेट वार्ता" : 11,
    "प्रयोगकर्ता" : 2,
    "प्रयोगकर्ता वार्ता" : 3,
    "बिसेस" : -1,
    "मदद" : 12,
    "मदद वार्ता" : 13,
    "मीडिया" : -2,
    "मीडियाविकि" : 8,
    "मीडियाविकि वार्ता" : 9,
    "वार्तालाप" : 1,
    "वि" : 4,
    "विकिपीडिया" : 4,
    "विकिपीडिया वार्ता" : 5,
    "विशेष" : -1,
    "श्रेणी" : 14,
    "श्रेणी वार्ता" : 15,
    "स" : 2,
    "सदस्य" : 2
  }
}