{
  "mainpage" : "DEGEMER",
  "namespace" : {
    "" : 0,
    "CATEGORY" : 14,
    "CATEGORY TALK" : 15,
    "DIBAR" : -1,
    "DISCUSSION WIKIPEDIA" : 5,
    "FILE" : 6,
    "FILE TALK" : 7,
    "GADGET" : 2300,
    "GADGET DEFINITION" : 2302,
    "GADGET DEFINITION TALK" : 2303,
    "GADGET TALK" : 2301,
    "HELP" : 12,
    "HELP TALK" : 13,
    "IMAGE" : 6,
    "IMAGE TALK" : 7,
    "IMPLIJER" : 2,
    "IMPLIJEREZ" : 2,
    "KAOZEADENN IMPLIJER" : 3,
    "KAOZEADENN IMPLIJEREZ" : 3,
    "KAOZEADENN MEDIAWIKI" : 9,
    "KAOZEADENN MODULENN" : 829,
    "KAOZEADENN PATROM" : 11,
    "KAOZEADENN RESTR" : 7,
    "KAOZEADENN RUMMAD" : 15,
    "KAOZEADENN SKEUDENN" : 7,
    "KAOZEADENN SKOAZELL" : 13,
    "KAOZEADENN WIKIPEDIA" : 5,
    "KAOZEAL" : 1,
    "MEDIA" : -2,
    "MEDIAWIKI" : 8,
    "MEDIAWIKI TALK" : 9,
    "MODULE" : 828,
    "MODULE TALK" : 829,
    "MODULENN" : 828,
    "PATROM" : 10,
    "PROJECT" : 4,
    "PROJECT TALK" : 5,
    "RESTR" : 6,
    "RUMMAD" : 14,
    "SKEUDENN" : 6,
    "SKOAZELL" : 12,
    "SPECIAL" : -1,
    "TALK" : 1,
    "TEMPLATE" : 10,
    "TEMPLATE TALK" : 11,
    "TIMEDTEXT" : 710,
    "TIMEDTEXT TALK" : 711,
    "USER" : 2,
    "USER TALK" : 3,
    "WIKIPEDIA" : 4,
    "WIKIPEDIA TALK" : 5,
    "WP" : 4
  }
}