{
  "mainpage" : "دەستپێک",
  "namespace" : {
    "" : 0,
    "CATEGORY" : 14,
    "CATEGORY TALK" : 15,
    "FILE" : 6,
    "FILE TALK" : 7,
    "GADGET" : 2300,
    "GADGET DEFINITION" : 2302,
    "GADGET DEFINITION TALK" : 2303,
    "GADGET TALK" : 2301,
    "H" : 12,
    "HELP" : 12,
    "HELP TALK" : 13,
    "IMAGE" : 6,
    "IMAGE TALK" : 7,
    "MEDIA" : -2,
    "MEDIAWIKI" : 8,
    "MEDIAWIKI TALK" : 9,
    "MODULE" : 828,
    "MODULE TALK" : 829,
    "PORTAL" : 100,
    "PORTAL TALK" : 101,
    "PROJECT" : 4,
    "PROJECT TALK" : 5,
    "SPECIAL" : -1,
    "T" : 10,
    "TALK" : 1,
    "TEMPLATE" : 10,
    "TEMPLATE TALK" : 11,
    "TIMEDTEXT" : 710,
    "TIMEDTEXT TALK" : 711,
    "U" : 2,
    "USER" : 2,
    "USER TALK" : 3,
    "UT" : 3,
    "WIKIPEDIA" : 4,
    "WIKIPEDIA TALK" : 5,
    "WIKIPROJECT" : 102,
    "WIKIPROJECT TALK" : 103,
    "WP" : 4,
    "WT" : 5,
    "ئامراز" : 2300,
    "ب" : 2,
    "بەکارھێنەر" : 2,
    "پ" : 14,
    "پەڕگە" : 6,
    "پۆل" : 14,
    "پێناسه‌ی ئامراز" : 2302,
    "تایبەت" : -1,
    "د" : 10,
    "داڕێژە" : 10,
    "دەروازە" : 100,
    "قاڵب" : 10,
    "قسەی بەکارھێنەر" : 3,
    "لب" : 3,
    "لو" : 5,
    "لێدوان" : 1,
    "لێدوانی بەکارھێنەر" : 3,
    "لێدوانی پەڕگە" : 7,
    "لێدوانی پۆل" : 15,
    "لێدوانی داڕێژە" : 11,
    "لێدوانی دەروازە" : 101,
    "لێدوانی قاڵب" : 11,
    "لێدوانی مۆدیوول" : 829,
    "لێدوانی میدیاویکی" : 9,
    "لێدوانی ویکیپرۆژە" : 103,
    "لێدوانی ویکیپیدیا" : 5,
    "لێدوانی یارمەتی" : 13,
    "مو" : 8,
    "مۆدیوول" : 828,
    "میدیا" : -2,
    "میدیاویکی" : 8,
    "وپ" : 4,
    "وپر" : 102,
    "وتووێژ" : 1,
    "وتووێژی ئامراز" : 2301,
    "وتووێژی پەڕگە" : 7,
    "وتووێژی پۆل" : 15,
    "وتووێژی پێناسه‌ی ئامراز" : 2303,
    "وتووێژی داڕێژە" : 11,
    "وتووێژی میدیاویکی" : 9,
    "وتووێژی یارمەتی" : 13,
    "ویکیپرۆژە" : 102,
    "ویکیپیدیا" : 4,
    "ی" : 12,
    "یارمەتی" : 12
  }
}