{
  "mainpage" : "मुख्य पन्ना",
  "namespace" : {
    "" : 0,
    "CATEGORY" : 14,
    "CATEGORY TALK" : 15,
    "FILE" : 6,
    "FILE TALK" : 7,
    "GADGET" : 2300,
    "GADGET DEFINITION" : 2302,
    "GADGET DEFINITION TALK" : 2303,
    "GADGET TALK" : 2301,
    "HELP" : 12,
    "HELP TALK" : 13,
    "IMAGE" : 6,
    "IMAGE TALK" : 7,
    "MEDIA" : -2,
    "MEDIAWIKI" : 8,
    "MEDIAWIKI TALK" : 9,
    "MODULE" : 828,
    "MODULE TALK" : 829,
    "PROJECT" : 4,
    "PROJECT TALK" : 5,
    "SPECIAL" : -1,
    "TALK" : 1,
    "TEMPLATE" : 10,
    "TEMPLATE TALK" : 11,
    "TIMEDTEXT" : 710,
    "TIMEDTEXT TALK" : 711,
    "USER" : 2,
    "USER TALK" : 3,
    "WIKIPEDIA" : 4,
    "WIKIPEDIA TALK" : 5,
    "WP" : 4,
    "कुरणि" : 1,
    "ग्याजेट" : 2300,
    "ग्याजेट कुरणि" : 2301,
    "ग्याजेट परिभाषा" : 2302,
    "ग्याजेट परिभाषा कुरणि" : 2303,
    "चित्र" : 6,
    "चित्र कुरणि" : 7,
    "ढाँचा" : 10,
    "ढाँचा कुरणि" : 11,
    "प्रयोगकर्ता" : 2,
    "प्रयोगकर्ता कुरणि" : 3,
    "बिशेष" : -1,
    "मद्दत" : 12,
    "मद्दत कुरणि" : 13,
    "मिडिया" : -2,
    "मिडियाविकि" : 8,
    "मिडियाविकि कुरणि" : 9,
    "मोड्युल" : 828,
    "मोड्युल कुरणि" : 829,
    "विकिपिडिया" : 4,
    "विकिपिडिया वार्ता" : 5,
    "श्रेणी" : 14,
    "श्रेणी कुरणि" : 15
  }
}