{
  "mainpage" : "VIKIPEDIO:ĈEFPAĜO",
  "namespace" : {
    "" : 0,
    "AŬDVIDAĴO" : -2,
    "CATEGORY" : 14,
    "CATEGORY TALK" : 15,
    "DISKUTO" : 1,
    "DOSIERA DISKUTO" : 7,
    "DOSIERO" : 6,
    "DOSIERO-DISKUTO" : 7,
    "FILE" : 6,
    "FILE TALK" : 7,
    "GADGET" : 2300,
    "GADGET DEFINITION" : 2302,
    "GADGET DEFINITION TALK" : 2303,
    "GADGET TALK" : 2301,
    "HELP" : 12,
    "HELP TALK" : 13,
    "HELPA DISKUTO" : 13,
    "HELPO" : 12,
    "HELPO-DISKUTO" : 13,
    "IMAGE" : 6,
    "IMAGE TALK" : 7,
    "KATEGORIA DISKUTO" : 15,
    "KATEGORIO" : 14,
    "KATEGORIO-DISKUTO" : 15,
    "MEDIA" : -2,
    "MEDIAVIKIA DISKUTO" : 9,
    "MEDIAVIKIO" : 8,
    "MEDIAWIKI" : 8,
    "MEDIAWIKI DISKUTO" : 9,
    "MEDIAWIKI TALK" : 9,
    "MEDIAWIKI-DISKUTO" : 9,
    "MODULE" : 828,
    "MODULE TALK" : 829,
    "MODULO" : 828,
    "MODULO-DISKUTO" : 829,
    "PORTALA DISKUTO" : 101,
    "PORTALO" : 100,
    "PROJECT" : 4,
    "PROJECT TALK" : 5,
    "PROJEKTA DISKUTO" : 103,
    "PROJEKTO" : 102,
    "ŜABLONA DISKUTO" : 11,
    "ŜABLONO" : 10,
    "ŜABLONO-DISKUTO" : 11,
    "SPECIAL" : -1,
    "SPECIALA" : -1,
    "SPECIALAĴO" : -1,
    "TALK" : 1,
    "TEMPLATE" : 10,
    "TEMPLATE TALK" : 11,
    "TIMEDTEXT" : 710,
    "TIMEDTEXT TALK" : 711,
    "TOPIC" : 2600,
    "USER" : 2,
    "USER TALK" : 3,
    "UZANTA DISKUTO" : 3,
    "UZANTINO" : 2,
    "UZANTINO-DISKUTO" : 3,
    "UZANTO" : 2,
    "UZANTO-DISKUTO" : 3,
    "UZULA DISKUTO" : 3,
    "UZULO" : 2,
    "VIKIPEDIA DISKUTO" : 5,
    "VIKIPEDIISTA DISKUTO" : 3,
    "VIKIPEDIISTO" : 2,
    "VIKIPEDIO" : 4,
    "VIKIPEDIO DISKUTO" : 5,
    "VP" : 4,
    "WIKIPEDIA" : 4,
    "WIKIPEDIA TALK" : 5,
    "WP" : 4
  }
}