{
  "mainpage" : "WIKIPEDIA:ETUSIVU",
  "namespace" : {
    "" : 0,
    "AIHE" : 2600,
    "CATEGORY" : 14,
    "CATEGORY TALK" : 15,
    "FILE" : 6,
    "FILE TALK" : 7,
    "GADGET" : 2300,
    "GADGET DEFINITION" : 2302,
    "GADGET DEFINITION TALK" : 2303,
    "GADGET TALK" : 2301,
    "HELP" : 12,
    "HELP TALK" : 13,
    "IMAGE" : 6,
    "IMAGE TALK" : 7,
    "JÄRJESTELMÄVIESTI" : 8,
    "KÄYTTÄJÄ" : 2,
    "KESKUSTELU" : 1,
    "KESKUSTELU JÄRJESTELMÄVIESTISTÄ" : 9,
    "KESKUSTELU KÄYTTÄJÄSTÄ" : 3,
    "KESKUSTELU KUVASTA" : 7,
    "KESKUSTELU LUOKASTA" : 15,
    "KESKUSTELU MALLINEESTA" : 11,
    "KESKUSTELU METASIVUSTA" : 103,
    "KESKUSTELU MODUULISTA" : 829,
    "KESKUSTELU OHJEESTA" : 13,
    "KESKUSTELU PIENOISOHJELMAN MÄÄRITYKSESTÄ" : 2303,
    "KESKUSTELU PIENOISOHJELMASTA" : 2301,
    "KESKUSTELU TEEMASIVUSTA" : 101,
    "KESKUSTELU TIEDOSTOSTA" : 7,
    "KESKUSTELU WIKIPEDIASTA" : 5,
    "KUVA" : 6,
    "LUOKKA" : 14,
    "MALLINE" : 10,
    "MEDIA" : -2,
    "MEDIAWIKI" : 8,
    "MEDIAWIKI TALK" : 9,
    "METASIVU" : 102,
    "MODULE" : 828,
    "MODULE TALK" : 829,
    "MODUULI" : 828,
    "OHJE" : 12,
    "PIENOISOHJELMA" : 2300,
    "PIENOISOHJELMAN MÄÄRITYS" : 2302,
    "PROJECT" : 4,
    "PROJECT TALK" : 5,
    "SPECIAL" : -1,
    "TALK" : 1,
    "TEEMASIVU" : 100,
    "TEMPLATE" : 10,
    "TEMPLATE TALK" : 11,
    "TIEDOSTO" : 6,
    "TIMEDTEXT" : 710,
    "TIMEDTEXT TALK" : 711,
    "TOIMINNOT" : -1,
    "TOPIC" : 2600,
    "USER" : 2,
    "USER TALK" : 3,
    "WIKIPEDIA" : 4,
    "WIKIPEDIA TALK" : 5,
    "WP" : 4
  }
}