{
  "mainpage" : "PORTADA",
  "namespace" : {
    "" : 0,
    "ARQUIVO" : 6,
    "ARQUIVO DISCUSSÃO" : 7,
    "AXUDA" : 12,
    "CATEGORÍA" : 14,
    "CATEGORY" : 14,
    "CATEGORY TALK" : 15,
    "CONVERSA" : 1,
    "CONVERSA AXUDA" : 13,
    "CONVERSA CATEGORÍA" : 15,
    "CONVERSA FICHEIRO" : 7,
    "CONVERSA IMAXE" : 7,
    "CONVERSA LIBRO" : 103,
    "CONVERSA MEDIAWIKI" : 9,
    "CONVERSA MODELO" : 11,
    "CONVERSA MÓDULO" : 829,
    "CONVERSA PORTAL" : 101,
    "CONVERSA USUARIA" : 3,
    "CONVERSA USUARIO" : 3,
    "CONVERSA WIKIPEDIA" : 5,
    "ESPECIAL" : -1,
    "FICHEIRO" : 6,
    "FILE" : 6,
    "FILE TALK" : 7,
    "GADGET" : 2300,
    "GADGET DEFINITION" : 2302,
    "GADGET DEFINITION TALK" : 2303,
    "GADGET TALK" : 2301,
    "HELP" : 12,
    "HELP TALK" : 13,
    "IMAGE" : 6,
    "IMAGE TALK" : 7,
    "IMAGEM" : 6,
    "IMAGEM DISCUSSÃO" : 7,
    "IMAXE" : 6,
    "LIBRO" : 102,
    "MEDIA" : -2,
    "MEDIAWIKI" : 8,
    "MEDIAWIKI TALK" : 9,
    "MODELO" : 10,
    "MODULE" : 828,
    "MODULE TALK" : 829,
    "MÓDULO" : 828,
    "PORTAL" : 100,
    "PORTAL TALK" : 101,
    "PROJECT" : 4,
    "PROJECT TALK" : 5,
    "SPECIAL" : -1,
    "TALK" : 1,
    "TEMPLATE" : 10,
    "TEMPLATE TALK" : 11,
    "TIMEDTEXT" : 710,
    "TIMEDTEXT TALK" : 711,
    "USER" : 2,
    "USER TALK" : 3,
    "USUARIA" : 2,
    "USUARIO" : 2,
    "USUÁRIO" : 2,
    "USUÁRIO DISCUSSÃO" : 3,
    "WIKIPEDIA" : 4,
    "WIKIPEDIA TALK" : 5,
    "WP" : 4
  }
}