{
  "mainpage" : "मुखपृष्ठ",
  "namespace" : {
    "" : 0,
    "CATEGORY" : 14,
    "CATEGORY TALK" : 15,
    "CT" : 15,
    "FILE" : 6,
    "FILE TALK" : 7,
    "GADGET" : 2300,
    "GADGET DEFINITION" : 2302,
    "GADGET DEFINITION TALK" : 2303,
    "GADGET TALK" : 2301,
    "HELP" : 12,
    "HELP TALK" : 13,
    "IMAGE" : 6,
    "IMAGE TALK" : 7,
    "MEDIA" : -2,
    "MEDIAWIKI" : 8,
    "MEDIAWIKI TALK" : 9,
    "MODULE" : 828,
    "MODULE TALK" : 829,
    "P" : 100,
    "PORTAL" : 100,
    "PORTAL TALK" : 101,
    "PROJECT" : 4,
    "PROJECT TALK" : 5,
    "SPECIAL" : -1,
    "T" : 10,
    "TALK" : 1,
    "TEMPLATE" : 10,
    "TEMPLATE TALK" : 11,
    "TIMEDTEXT" : 710,
    "TIMEDTEXT TALK" : 711,
    "U" : 2,
    "USER" : 2,
    "USER TALK" : 3,
    "UT" : 3,
    "WIKIPEDIA" : 4,
    "WIKIPEDIA TALK" : 5,
    "WP" : 4,
    "WPT" : 5,
    "गैजेट" : 2300,
    "गैजेट परिभाषा" : 2302,
    "गैजेट परिभाषा वार्ता" : 2303,
    "गैजेट वार्ता" : 2301,
    "चित्र" : 6,
    "चित्र वार्ता" : 7,
    "प्र" : 100,
    "प्रवा" : 101,
    "प्रवेशद्वार" : 100,
    "प्रवेशद्वार वार्ता" : 101,
    "मी" : 8,
    "मीडिया" : -2,
    "मीडियाविकि" : 8,
    "मीडियाविकि वार्ता" : 9,
    "मीवा" : 9,
    "वार्ता" : 1,
    "वि" : 4,
    "विकिपीडिया" : 4,
    "विकिपीडिया वार्ता" : 5,
    "विवा" : 5,
    "विशेष" : -1,
    "श्र" : 14,
    "श्रवा" : 15,
    "श्रेणी" : 14,
    "श्रेणी वार्ता" : 15,
    "स" : 2,
    "सदस्य" : 2,
    "सदस्य वार्ता" : 3,
    "सवा" : 3,
    "सहायता" : 12,
    "सहायता वार्ता" : 13,
    "सा" : 10,
    "साँचा" : 10,
    "साँचा वार्ता" : 11,
    "सावा" : 11
  }
}