{
  "mainpage" : "IHU MBỤ",
  "namespace" : {
    "" : 0,
    "ÁKWÚKWÓ ORÜNOTU" : 6,
    "ÀTỤ" : 10,
    "CATEGORY" : 14,
    "CATEGORY TALK" : 15,
    "ÉBÉONỌR" : 14,
    "FILE" : 6,
    "FILE TALK" : 7,
    "GADGET" : 2300,
    "GADGET DEFINITION" : 2302,
    "GADGET DEFINITION TALK" : 2303,
    "GADGET TALK" : 2301,
    "HELP" : 12,
    "HELP TALK" : 13,
    "IHÜ KÁRÍRÍ" : -1,
    "IMAGE" : 6,
    "IMAGE TALK" : 7,
    "MEDIA" : -2,
    "MEDIAWIKI" : 8,
    "MEDIAWIKI TALK" : 9,
    "MIDIA" : -2,
    "MIDIAWIKI" : 8,
    "MODULE" : 828,
    "MODULE TALK" : 829,
    "NKÁ" : -2,
    "NKÁWIKI" : 8,
    "NKWADỌ" : 12,
    "NKWÁDỌ" : 12,
    "Ọ'BÀNIFÉ" : 2,
    "ỌBANIFE" : 2,
    "OKWU" : 1,
    "OKWU ÁKWÚKWÓ ORÜNOTU" : 7,
    "OKWU ÀTỤ" : 11,
    "OKWU ÉBÉONỌR" : 15,
    "OKWU MIDIAWIKI" : 9,
    "OKWU NKÁWIKI" : 9,
    "OKWU NKWADỌ" : 13,
    "OKWU NKWÁDỌ" : 13,
    "OKWU Ọ'BÀNIFÉ" : 3,
    "OKWU ỌBANIFE" : 3,
    "OKWU ÒTÙ" : 15,
    "OKWU USÒRÒ" : 7,
    "OKWU WIKIPEDIA" : 5,
    "ÒTÙ" : 14,
    "PROJECT" : 4,
    "PROJECT TALK" : 5,
    "SPECIAL" : -1,
    "TALK" : 1,
    "TEMPLATE" : 10,
    "TEMPLATE TALK" : 11,
    "TIMEDTEXT" : 710,
    "TIMEDTEXT TALK" : 711,
    "USER" : 2,
    "USER TALK" : 3,
    "USÒRÒ" : 6,
    "WIKIPEDIA" : 4,
    "WIKIPEDIA TALK" : 5,
    "WP" : 4
  }
}