{
  "mainpage" : "UIKIPEDI'AS:RALJU",
  "namespace" : {
    "" : 0,
    "CASNU" : 1,
    "CASNU LA .MEDI'AUIKIS." : 9,
    "CASNU LA .UIKIPEDI'AS." : 5,
    "CASNU LO DATNYVEI" : 7,
    "CASNU LO KLESI" : 15,
    "CASNU LO NUNDJU" : 13,
    "CASNU LO PILNO" : 3,
    "CASNU LO TERMO'A" : 11,
    "CATEGORY" : 14,
    "CATEGORY TALK" : 15,
    "DATNYVEI" : 6,
    "FILE" : 6,
    "FILE TALK" : 7,
    "GADGET" : 2300,
    "GADGET DEFINITION" : 2302,
    "GADGET DEFINITION TALK" : 2303,
    "GADGET TALK" : 2301,
    "HELP" : 12,
    "HELP TALK" : 13,
    "IMAGE" : 6,
    "IMAGE TALK" : 7,
    "KLESI" : 14,
    "MEDI'AUIKIS" : 8,
    "MEDIA" : -2,
    "MEDIAWIKI" : 8,
    "MEDIAWIKI TALK" : 9,
    "MODULE" : 828,
    "MODULE TALK" : 829,
    "NUNDJU" : 12,
    "PILNO" : 2,
    "PROJECT" : 4,
    "PROJECT TALK" : 5,
    "RIRCI" : -1,
    "SPECIAL" : -1,
    "TALK" : 1,
    "TEMPLATE" : 10,
    "TEMPLATE TALK" : 11,
    "TERMO'A" : 10,
    "TIMEDTEXT" : 710,
    "TIMEDTEXT TALK" : 711,
    "UIKIPEDI'AS" : 4,
    "USER" : 2,
    "USER TALK" : 3,
    "VELSKU" : -2,
    "WIKIPEDIA" : 4,
    "WIKIPEDIA TALK" : 5,
    "WP" : 4
  }
}