{
  "mainpage" : "НАПЭКӀУЭЦӀ НЭХЪЫЩХЬЭ",
  "namespace" : {
    "" : 0,
    "CATEGORY" : 14,
    "CATEGORY TALK" : 15,
    "FILE" : 6,
    "FILE TALK" : 7,
    "GADGET" : 2300,
    "GADGET DEFINITION" : 2302,
    "GADGET DEFINITION TALK" : 2303,
    "GADGET TALK" : 2301,
    "HELP" : 12,
    "HELP TALK" : 13,
    "IMAGE" : 6,
    "IMAGE TALK" : 7,
    "MEDIA" : -2,
    "MEDIAWIKI" : 8,
    "MEDIAWIKI TALK" : 9,
    "MEDIAWIKI ТЕПСЭЛЪЭХЬЫГЪУЭ" : 9,
    "MODULE" : 828,
    "MODULE TALK" : 829,
    "PROJECT" : 4,
    "PROJECT TALK" : 5,
    "SPECIAL" : -1,
    "TALK" : 1,
    "TEMPLATE" : 10,
    "TEMPLATE TALK" : 11,
    "TIMEDTEXT" : 710,
    "TIMEDTEXT TALK" : 711,
    "USER" : 2,
    "USER TALK" : 3,
    "WIKIPEDIA" : 4,
    "WIKIPEDIA TALK" : 5,
    "WP" : 4,
    "ДЭӀЭПЫКЪУЭГЪУЭ" : 12,
    "ДЭӀЭПЫКЪУЭГЪУЭ ТЕПСЭЛЪЭХЬЫГЪУЭ" : 13,
    "КАТЕГОРИЭ" : 14,
    "КАТЕГОРИЭ ТЕПСЭЛЪЭХЬЫГЪУЭ" : 15,
    "КАТЕГОРИЯ" : 14,
    "МЕДИА" : -2,
    "ОБСУЖДЕНИЕ" : 1,
    "ОБСУЖДЕНИЕ MEDIAWIKI" : 9,
    "ОБСУЖДЕНИЕ КАТЕГОРИИ" : 15,
    "ОБСУЖДЕНИЕ СПРАВКИ" : 13,
    "ОБСУЖДЕНИЕ УИКИПЕДИЭ" : 5,
    "ОБСУЖДЕНИЕ УЧАСТНИКА" : 3,
    "ОБСУЖДЕНИЕ ФАЙЛА" : 7,
    "ОБСУЖДЕНИЕ ШАБЛОНА" : 11,
    "СЛУЖЕБНАЯ" : -1,
    "СПРАВКА" : 12,
    "ТЕПСЭЛЪЭХЬЫГЪУЭ" : 1,
    "УИКИПЕДИЭ" : 4,
    "УИКИПЕДИЭМ И ТЕПСЭЛЪЫХЬЫГЪУЭ" : 5,
    "УЧАСТНИК" : 2,
    "ФАЙЛ" : 6,
    "ФАЙЛ ТЕПСЭЛЪЭХЬЫГЪУЭ" : 7,
    "ЦӀЫХУХЭТ" : 2,
    "ЦӀЫХУХЭТ ТЕПСЭЛЪЭХЬЫГЪУЭ" : 3,
    "ШАБЛОН" : 10,
    "ШАБЛОН ТЕПСЭЛЪЭХЬЫГЪУЭ" : 11
  }
}