{
  "mainpage" : "위키백과:대문",
  "namespace" : {
    "" : 0,
    "CATEGORY" : 14,
    "CATEGORY TALK" : 15,
    "DRAFT" : 118,
    "DRAFT TALK" : 119,
    "FILE" : 6,
    "FILE TALK" : 7,
    "GADGET" : 2300,
    "GADGET DEFINITION" : 2302,
    "GADGET DEFINITION TALK" : 2303,
    "GADGET TALK" : 2301,
    "HELP" : 12,
    "HELP TALK" : 13,
    "IMAGE" : 6,
    "IMAGE TALK" : 7,
    "MEDIA" : -2,
    "MEDIAWIKI" : 8,
    "MEDIAWIKI TALK" : 9,
    "MEDIAWIKI토론" : 9,
    "MODULE" : 828,
    "MODULE TALK" : 829,
    "PROJECT" : 4,
    "PROJECT TALK" : 5,
    "SPECIAL" : -1,
    "TALK" : 1,
    "TEMPLATE" : 10,
    "TEMPLATE TALK" : 11,
    "TIMEDTEXT" : 710,
    "TIMEDTEXT TALK" : 711,
    "USER" : 2,
    "USER TALK" : 3,
    "WIKIPEDIA" : 4,
    "WIKIPEDIA TALK" : 5,
    "WP" : 4,
    "그림" : 6,
    "그림토론" : 7,
    "도움말" : 12,
    "도움말토론" : 13,
    "들" : 100,
    "들머리" : 100,
    "들머리토론" : 101,
    "들토" : 101,
    "모듈" : 828,
    "모듈토론" : 829,
    "미디어" : -2,
    "미디어위키" : 8,
    "미디어위키토론" : 9,
    "백" : 4,
    "백토" : 5,
    "분류" : 14,
    "분류토론" : 15,
    "사" : 2,
    "사용자" : 2,
    "사용자토론" : 3,
    "사토" : 3,
    "소도구" : 2300,
    "소도구정의" : 2302,
    "소도구정의토론" : 2303,
    "소도구토론" : 2301,
    "위키백과" : 4,
    "위키백과토론" : 5,
    "위키프로젝트" : 102,
    "위키프로젝트토론" : 103,
    "초안" : 118,
    "초안토론" : 119,
    "토론" : 1,
    "특" : -1,
    "특수" : -1,
    "특수기능" : -1,
    "틀" : 10,
    "틀토론" : 11,
    "파일" : 6,
    "파일토론" : 7,
    "포털" : 100,
    "포털토론" : 101,
    "프" : 102,
    "프토" : 103
  }
}