{
  "mainpage" : "SUOKU PUSLOPA",
  "namespace" : {
    "" : 0,
    "CATEGORY" : 14,
    "CATEGORY TALK" : 15,
    "DALĪBNIECE" : 2,
    "DALĪBNIECES DISKUSIJA" : 3,
    "DALĪBNIEKA DISKUSIJA" : 3,
    "DALĪBNIEKS" : 2,
    "FAILS" : 6,
    "FILE" : 6,
    "FILE TALK" : 7,
    "GADGET" : 2300,
    "GADGET DEFINITION" : 2302,
    "GADGET DEFINITION TALK" : 2303,
    "GADGET TALK" : 2301,
    "HELP" : 12,
    "HELP TALK" : 13,
    "IMAGE" : 6,
    "IMAGE TALK" : 7,
    "KATEGOREJA" : 14,
    "LIETOTĀJA DISKUSIJA" : 3,
    "LIETOTĀJS" : 2,
    "LĪTUOTUOJS" : 2,
    "MEDEJA" : -2,
    "MEDIA" : -2,
    "MEDIAWIKI" : 8,
    "MEDIAWIKI TALK" : 9,
    "MODUĻA DISKUSIJA" : 829,
    "MODULE" : 828,
    "MODULE TALK" : 829,
    "MODULIS" : 828,
    "PALEIGS" : 12,
    "PROJECT" : 4,
    "PROJECT TALK" : 5,
    "SEVIŠKUO" : -1,
    "SPECIAL" : -1,
    "SPRĪŽA" : 1,
    "SPRĪŽA AP FAILU" : 7,
    "SPRĪŽA AP KATEGOREJU" : 15,
    "SPRĪŽA AP LĪTUOTUOJU" : 3,
    "SPRĪŽA AP MEDIAWIKI" : 9,
    "SPRĪŽA AP PALEIGU" : 13,
    "SPRĪŽA AP TAISU" : 11,
    "TAISS" : 10,
    "TALK" : 1,
    "TEMPLATE" : 10,
    "TEMPLATE TALK" : 11,
    "TIMEDTEXT" : 710,
    "TIMEDTEXT TALK" : 711,
    "USER" : 2,
    "USER TALK" : 3,
    "VIKIPEDEJA" : 4,
    "VIKIPEDEJIS SPRĪŽA" : 5,
    "WIKIPEDIA" : 4,
    "WIKIPEDIA TALK" : 5,
    "WP" : 4
  }
}