{
  "mainpage" : "പ്രധാന താൾ",
  "namespace" : {
    "" : 0,
    "CATEGORY" : 14,
    "CATEGORY TALK" : 15,
    "FILE" : 6,
    "FILE TALK" : 7,
    "GADGET" : 2300,
    "GADGET DEFINITION" : 2302,
    "GADGET DEFINITION TALK" : 2303,
    "GADGET TALK" : 2301,
    "HELP" : 12,
    "HELP TALK" : 13,
    "IMAGE" : 6,
    "IMAGE TALK" : 7,
    "MEDIA" : -2,
    "MEDIAWIKI" : 8,
    "MEDIAWIKI TALK" : 9,
    "MODULE" : 828,
    "MODULE TALK" : 829,
    "PORTAL" : 100,
    "PORTAL TALK" : 101,
    "PROJECT" : 4,
    "PROJECT TALK" : 5,
    "SPECIAL" : -1,
    "TALK" : 1,
    "TEMPLATE" : 10,
    "TEMPLATE TALK" : 11,
    "TIMEDTEXT" : 710,
    "TIMEDTEXT TALK" : 711,
    "USER" : 2,
    "USER TALK" : 3,
    "WIKIPEDIA" : 4,
    "WIKIPEDIA TALK" : 5,
    "WP" : 4,
    "അംഗം" : 2,
    "അംഗങ്ങളുടെ സംവാദം" : 3,
    "ഉ" : 2,
    "ഉപയോക്താവിന്റെ സംവാദം" : 3,
    "ഉപയോക്താവ്" : 2,
    "ഉസം" : 3,
    "കവാടം" : 100,
    "കവാടത്തിന്റെ സംവാദം" : 101,
    "ഘ" : 828,
    "ഘടകം" : 828,
    "ഘടകത്തിന്റെ സംവാദം" : 829,
    "ഘസം" : 829,
    "ചി" : 6,
    "ചിത്രം" : 6,
    "ചിത്രത്തിന്റെ സംവാദം" : 7,
    "ചിസം" : 7,
    "പ്ര" : 6,
    "പ്രത്യേ" : -1,
    "പ്രത്യേകം" : -1,
    "പ്രമാണം" : 6,
    "പ്രമാണത്തിന്റെ സംവാദം" : 7,
    "പ്രസം" : 7,
    "ഫ" : 10,
    "ഫലകം" : 10,
    "ഫലകത്തിന്റെ സംവാദം" : 11,
    "ഫസം" : 11,
    "മീ" : 8,
    "മീഡിയ" : -2,
    "മീഡിയവിക്കി" : 8,
    "മീഡിയവിക്കി സംവാദം" : 9,
    "മീസം" : 9,
    "വ" : 14,
    "വർഗ്ഗം" : 14,
    "വർഗ്ഗത്തിന്റെ സംവാദം" : 15,
    "വസം" : 15,
    "വി" : 14,
    "വിക്കി" : 4,
    "വിക്കിപീഡിയ" : 4,
    "വിക്കിപീഡിയ സംവാദം" : 5,
    "വിക്കിസം" : 5,
    "വിഭാഗം" : 14,
    "വിഭാഗത്തിന്റെ സംവാദം" : 15,
    "വിസം" : 15,
    "സ" : 12,
    "സം" : 1,
    "സംവാദം" : 1,
    "സസം" : 13,
    "സഹായം" : 12,
    "സഹായത്തിന്റെ സംവാദം" : 13
  }
}