{
  "mainpage" : "НҮҮР ХУУДАС",
  "namespace" : {
    "" : 0,
    "CATEGORY" : 14,
    "CATEGORY TALK" : 15,
    "FILE" : 6,
    "FILE TALK" : 7,
    "GADGET" : 2300,
    "GADGET DEFINITION" : 2302,
    "GADGET DEFINITION TALK" : 2303,
    "GADGET TALK" : 2301,
    "HELP" : 12,
    "HELP TALK" : 13,
    "IMAGE" : 6,
    "IMAGE TALK" : 7,
    "MEDIA" : -2,
    "MEDIAWIKI" : 8,
    "MEDIAWIKI TALK" : 9,
    "MODULE" : 828,
    "MODULE TALK" : 829,
    "PROJECT" : 4,
    "PROJECT TALK" : 5,
    "SPECIAL" : -1,
    "TALK" : 1,
    "TEMPLATE" : 10,
    "TEMPLATE TALK" : 11,
    "TIMEDTEXT" : 710,
    "TIMEDTEXT TALK" : 711,
    "USER" : 2,
    "USER TALK" : 3,
    "WIKIPEDIA" : 4,
    "WIKIPEDIA TALK" : 5,
    "WIKIPEDIA-Н ХЭЛЭЛЦҮҮЛЭГ" : 5,
    "WP" : 4,
    "АНГИЛАЛ" : 14,
    "АНГИЛЛЫН ХЭЛЭЛЦҮҮЛЭГ" : 15,
    "ЗАГВАР" : 10,
    "ЗАГВАРЫН ХЭЛЭЛЦҮҮЛЭГ" : 11,
    "ЗУРАГ" : 6,
    "ЗУРГИЙН ХЭЛЭЛЦҮҮЛЭГ" : 7,
    "МЕДИА" : -2,
    "МЕДИАВИКИ" : 8,
    "МЕДИАВИКИГИЙН ХЭЛЭЛЦҮҮЛЭГ" : 9,
    "ТУСГАЙ" : -1,
    "ТУСЛАМЖ" : 12,
    "ТУСЛАМЖИЙН ХЭЛЭЛЦҮҮЛЭГ" : 13,
    "ФАЙЛ" : 6,
    "ФАЙЛЫН ХЭЛЭЛЦҮҮЛЭГ" : 7,
    "ХЭЛЭЛЦҮҮЛЭГ" : 1,
    "ХЭРЭГЛЭГЧ" : 2,
    "ХЭРЭГЛЭГЧИЙН ЯРИА" : 3
  }
}