{
  "mainpage" : "IL-PAĠNA PRINĊIPALI",
  "namespace" : {
    "" : 0,
    "CATEGORY" : 14,
    "CATEGORY TALK" : 15,
    "DISKUSSJONI" : 1,
    "DISKUSSJONI GĦAJNUNA" : 13,
    "DISKUSSJONI KATEGORIJA" : 15,
    "DISKUSSJONI MEDIAWIKI" : 9,
    "DISKUSSJONI MUDELL" : 11,
    "DISKUSSJONI PORTAL" : 101,
    "DISKUSSJONI STAMPA" : 7,
    "DISKUSSJONI UTENT" : 3,
    "DISKUSSJONI WIKIPEDIJA" : 5,
    "DISKUTI" : 1,
    "DISKUTI GĦAJNUNA" : 13,
    "DISKUTI KATEGORIJA" : 15,
    "DISKUTI MEDJAWIKI" : 9,
    "DISKUTI STAMPA" : 7,
    "DISKUTI TEMPLATE" : 11,
    "DISKUTI UTENT" : 3,
    "FILE" : 6,
    "FILE TALK" : 7,
    "GADGET" : 2300,
    "GADGET DEFINITION" : 2302,
    "GADGET DEFINITION TALK" : 2303,
    "GADGET TALK" : 2301,
    "GĦAJNUNA" : 12,
    "HELP" : 12,
    "HELP TALK" : 13,
    "IMAGE" : 6,
    "IMAGE TALK" : 7,
    "KATEGORIJA" : 14,
    "MEDIA" : -2,
    "MEDIAWIKI" : 8,
    "MEDIAWIKI TALK" : 9,
    "MEDJA" : -2,
    "MEDJAWIKI" : 8,
    "MIDJA" : -2,
    "MODULE" : 828,
    "MODULE TALK" : 829,
    "MUDELL" : 10,
    "PORTAL" : 100,
    "PROJECT" : 4,
    "PROJECT TALK" : 5,
    "SPECIAL" : -1,
    "SPEĊJALI" : -1,
    "STAMPA" : 6,
    "TALK" : 1,
    "TEMPLATE" : 10,
    "TEMPLATE TALK" : 11,
    "TIMEDTEXT" : 710,
    "TIMEDTEXT TALK" : 711,
    "USER" : 2,
    "USER TALK" : 3,
    "UTENT" : 2,
    "WIKIPEDIA" : 4,
    "WIKIPEDIA TALK" : 5,
    "WIKIPEDIJA" : 4,
    "WIKIPEDIJA DISKUSSJONI" : 5,
    "WIKIPEDIJA DISKUTI" : 5,
    "WP" : 4
  }
}