{
  "mainpage" : "ဗဟိုစာမျက်နှာ",
  "namespace" : {
    "" : 0,
    "CATEGORY" : 14,
    "CATEGORY TALK" : 15,
    "FILE" : 6,
    "FILE TALK" : 7,
    "GADGET" : 2300,
    "GADGET DEFINITION" : 2302,
    "GADGET DEFINITION TALK" : 2303,
    "GADGET TALK" : 2301,
    "HELP" : 12,
    "HELP TALK" : 13,
    "IMAGE" : 6,
    "IMAGE TALK" : 7,
    "MEDIA" : -2,
    "MEDIAWIKI" : 8,
    "MEDIAWIKI TALK" : 9,
    "MODULE" : 828,
    "MODULE TALK" : 829,
    "PROJECT" : 4,
    "PROJECT TALK" : 5,
    "SPECIAL" : -1,
    "TALK" : 1,
    "TEMPLATE" : 10,
    "TEMPLATE TALK" : 11,
    "TIMEDTEXT" : 710,
    "TIMEDTEXT TALK" : 711,
    "USER" : 2,
    "USER TALK" : 3,
    "WIKIPEDIA" : 4,
    "WIKIPEDIA TALK" : 5,
    "WP" : 4,
    "ကဏ္ဍ" : 14,
    "ကဏ္ဍ ဆွေးနွေးချက်" : 15,
    "ကိရိယာငယ်" : 2300,
    "ကိရိယာငယ် ဆွေးနွေးချက်" : 2301,
    "ကိရိယာငယ် အဓိပ္ပာယ်" : 2302,
    "ကိရိယာငယ် အဓိပ္ပာယ် ဆွေးနွေးချက်" : 2303,
    "ဆွေးနွေးချက်" : 1,
    "တမ်းပလိတ်" : 10,
    "တမ်းပလိတ် ဆွေးနွေးချက်" : 11,
    "ဖိုင်" : 6,
    "ဖိုင် ဆွေးနွေးချက်" : 7,
    "မီဒီယာ" : -2,
    "မီဒီယာဝီကီ" : 8,
    "မီဒီယာဝီကီ ဆွေးနွေးချက်" : 9,
    "မော်ဂျူး" : 828,
    "မော်ဂျူး ဆွေးနွေးချက်" : 829,
    "ဝီကီပီးဒီးယား" : 4,
    "ဝီကီပီးဒီးယား ဆွေးနွေးချက်" : 5,
    "အကူအညီ" : 12,
    "အကူအညီ ဆွေးနွေးချက်" : 13,
    "အထူး" : -1,
    "အသုံးပြုသူ" : 2,
    "အသုံးပြုသူ ဆွေးနွေးချက်" : 3
  }
}