{
  "mainpage" : "گت صفحه",
  "namespace" : {
    "" : 0,
    "CATEGORY" : 14,
    "CATEGORY TALK" : 15,
    "FILE" : 6,
    "FILE TALK" : 7,
    "GADGET" : 2300,
    "GADGET DEFINITION" : 2302,
    "GADGET DEFINITION TALK" : 2303,
    "GADGET TALK" : 2301,
    "HELP" : 12,
    "HELP TALK" : 13,
    "IMAGE" : 6,
    "IMAGE TALK" : 7,
    "MEDIA" : -2,
    "MEDIAWIKI" : 8,
    "MEDIAWIKI TALK" : 9,
    "MODULE" : 828,
    "MODULE TALK" : 829,
    "PORTAL" : 100,
    "PORTAL TALK" : 101,
    "PROJECT" : 4,
    "PROJECT TALK" : 5,
    "SPECIAL" : -1,
    "TALK" : 1,
    "TEMPLATE" : 10,
    "TEMPLATE TALK" : 11,
    "TIMEDTEXT" : 710,
    "TIMEDTEXT TALK" : 711,
    "USER" : 2,
    "USER TALK" : 3,
    "WIKIPEDIA" : 4,
    "WIKIPEDIA TALK" : 5,
    "WIKIPEDIA گپ" : 5,
    "WP" : 4,
    "الگو" : 10,
    "بحث" : 1,
    "بحث الگو" : 11,
    "بحث پرونده" : 7,
    "بحث تصویر" : 7,
    "بحث راهنما" : 13,
    "بحث رده" : 15,
    "بحث کاربر" : 3,
    "بحث مدیاویکی" : 9,
    "بحث ویکی‌پدیا" : 5,
    "پرونده" : 6,
    "پرونده گپ" : 7,
    "پورتال" : 100,
    "پورتال گپ" : 101,
    "تصویر" : 6,
    "رانما" : 12,
    "رانما گپ" : 13,
    "رانه‌ما" : 12,
    "رانه‌مائه گپ" : 13,
    "رانه‌مای گپ" : 13,
    "راهنما" : 12,
    "رج" : 14,
    "رج گپ" : 15,
    "رده" : 14,
    "رسانه" : -2,
    "رسانه‌ای" : -2,
    "شا" : -1,
    "شابلون" : 10,
    "شابلون گپ" : 11,
    "کاربر" : 2,
    "کارور" : 2,
    "کارور گپ" : 3,
    "گپ" : 1,
    "گجت" : 2300,
    "گجت توضیحات" : 2302,
    "گجت توضیحات گپ" : 2303,
    "گجت گپ" : 2301,
    "ماژول" : 828,
    "ماژول گپ" : 829,
    "مدیا" : -2,
    "مدیاویکی" : 8,
    "مدیاویکی گپ" : 9,
    "مه‌دیا" : -2,
    "مه‌دیا ویکی" : 8,
    "مه‌دیا ویکی گپ" : 9,
    "مه‌دیاویکی" : 8,
    "مه‌دیاویکی گپ" : 9,
    "وپ" : 4,
    "ویژه" : -1,
    "ویکی‌پدیا" : 4,
    "ویکی‌پدیا گپ" : 5
  }
}