{
  "mainpage" : "ACUÈLH",
  "namespace" : {
    "" : 0,
    "AJUDA" : 12,
    "CATEGORIA" : 14,
    "CATEGORY" : 14,
    "CATEGORY TALK" : 15,
    "DÉFINITION DE GADGET" : 2302,
    "DISCUSSION AIDE" : 13,
    "DISCUSSION AJUDA" : 13,
    "DISCUSSION CATEGORIA" : 15,
    "DISCUSSION CATÉGORIE" : 15,
    "DISCUSSION DÉFINITION DE GADGET" : 2303,
    "DISCUSSION FICHIER" : 7,
    "DISCUSSION FICHIÈR" : 7,
    "DISCUSSION GADGET" : 2301,
    "DISCUSSION IMAGE" : 7,
    "DISCUSSION IMATGE" : 7,
    "DISCUSSION MEDIAÒIQUI" : 9,
    "DISCUSSION MEDIAWIKI" : 9,
    "DISCUSSION MODÈL" : 11,
    "DISCUSSION MODÈLE" : 11,
    "DISCUSSION PORTAL" : 101,
    "DISCUSSION PROJÈCTE" : 103,
    "DISCUSSION UTILISATEUR" : 3,
    "DISCUSSION UTILISATOR" : 3,
    "DISCUSSION UTILIZAIRE" : 3,
    "DISCUSSION WIKIPÈDIA" : 5,
    "DISCUTER" : 1,
    "DISCUTIDA AJUDA" : 13,
    "DISCUTIDA CATEGORIA" : 15,
    "DISCUTIDA IMATGE" : 7,
    "DISCUTIDA MEDIAÒIQUI" : 9,
    "DISCUTIDA MODÈL" : 11,
    "DISCUTIDA UTILISATOR" : 3,
    "DISCUTIR" : 1,
    "ESPECIAL" : -1,
    "FICHIÈR" : 6,
    "FILE" : 6,
    "FILE TALK" : 7,
    "GADGET" : 2300,
    "GADGET DEFINITION" : 2302,
    "GADGET DEFINITION TALK" : 2303,
    "GADGET TALK" : 2301,
    "HELP" : 12,
    "HELP TALK" : 13,
    "IMAGE" : 6,
    "IMAGE TALK" : 7,
    "IMATGE" : 6,
    "IMATGE DISCUSSIÓ" : 7,
    "MEDIA" : -2,
    "MÈDIA" : -2,
    "MEDIAÒIQUI" : 8,
    "MEDIAWIKI" : 8,
    "MEDIAWIKI TALK" : 9,
    "MODÈL" : 10,
    "MÒDUL" : 828,
    "MÒDUL DISCUSSIÓ" : 829,
    "MODULE" : 828,
    "MODULE TALK" : 829,
    "PORTAL" : 100,
    "PROJECT" : 4,
    "PROJECT TALK" : 5,
    "PROJÈCTE" : 102,
    "SPECIAL" : -1,
    "TALK" : 1,
    "TEMPLATE" : 10,
    "TEMPLATE TALK" : 11,
    "TIMEDTEXT" : 710,
    "TIMEDTEXT TALK" : 711,
    "USER" : 2,
    "USER TALK" : 3,
    "UTILISATOR" : 2,
    "UTILIZAIRE" : 2,
    "WIKIPEDIA" : 4,
    "WIKIPÈDIA" : 4,
    "WIKIPEDIA TALK" : 5,
    "WP" : 4
  }
}