{
  "mainpage" : "ਮੁੱਖ ਸਫ਼ਾ",
  "namespace" : {
    "" : 0,
    "CATEGORY" : 14,
    "CATEGORY TALK" : 15,
    "FILE" : 6,
    "FILE TALK" : 7,
    "GADGET" : 2300,
    "GADGET DEFINITION" : 2302,
    "GADGET DEFINITION TALK" : 2303,
    "GADGET TALK" : 2301,
    "HELP" : 12,
    "HELP TALK" : 13,
    "IMAGE" : 6,
    "IMAGE TALK" : 7,
    "MEDIA" : -2,
    "MEDIAWIKI" : 8,
    "MEDIAWIKI TALK" : 9,
    "MODULE" : 828,
    "MODULE TALK" : 829,
    "PROJECT" : 4,
    "PROJECT TALK" : 5,
    "SPECIAL" : -1,
    "TALK" : 1,
    "TEMPLATE" : 10,
    "TEMPLATE TALK" : 11,
    "TIMEDTEXT" : 710,
    "TIMEDTEXT TALK" : 711,
    "TOPIC" : 2600,
    "USER" : 2,
    "USER TALK" : 3,
    "WIKIPEDIA" : 4,
    "WIKIPEDIA TALK" : 5,
    "WP" : 4,
    "ਸ਼੍ਰੇਣੀ" : 14,
    "ਸ਼੍ਰੇਣੀ ਗੱਲ-ਬਾਤ" : 15,
    "ਸ਼੍ਰੇਣੀ ਚਰਚਾ" : 15,
    "ਖਾਸ" : -1,
    "ਖ਼ਾਸ" : -1,
    "ਗੱਲ-ਬਾਤ" : 1,
    "ਗੈਜਟ" : 2300,
    "ਗੈਜਟ ਗੱਲ-ਬਾਤ" : 2301,
    "ਗੈਜਟ ਪਰਿਭਾਸ਼ਾ" : 2302,
    "ਗੈਜਟ ਪਰਿਭਾਸ਼ਾ ਗੱਲ-ਬਾਤ" : 2303,
    "ਚਰਚਾ" : 1,
    "ਤਸਵੀਰ" : 6,
    "ਤਸਵੀਰ ਗੱਲ-ਬਾਤ" : 7,
    "ਤਸਵੀਰ ਚਰਚਾ" : 7,
    "ਨਮੂਨਾ" : 10,
    "ਨਮੂਨਾ ਚਰਚਾ" : 11,
    "ਫਰਮਾ" : 10,
    "ਫਰਮਾ ਗੱਲ-ਬਾਤ" : 11,
    "ਫਾਟਕ" : 100,
    "ਫਾਟਕ ਗੱਲ-ਬਾਤ" : 101,
    "ਮਦਦ" : 12,
    "ਮਦਦ ਗੱਲ-ਬਾਤ" : 13,
    "ਮਦਦ ਚਰਚਾ" : 13,
    "ਮੀਡੀਆ" : -2,
    "ਮੀਡੀਆਵਿਕਿ" : 8,
    "ਮੀਡੀਆਵਿਕਿ ਚਰਚਾ" : 9,
    "ਮੀਡੀਆਵਿਕੀ" : 8,
    "ਮੀਡੀਆਵਿਕੀ ਗੱਲ-ਬਾਤ" : 9,
    "ਮੈਂਬਰ" : 2,
    "ਮੈਂਬਰ ਚਰਚਾ" : 3,
    "ਮੌਡਿਊਲ" : 828,
    "ਮੌਡਿਊਲ ਗੱਲ-ਬਾਤ" : 829,
    "ਵਰਤੋਂਕਾਰ" : 2,
    "ਵਰਤੋਂਕਾਰ ਗੱਲ-ਬਾਤ" : 3,
    "ਵਰਤੌਂਕਾਰ" : 2,
    "ਵਰਤੌਂਕਾਰ ਗੱਲ-ਬਾਤ" : 3,
    "ਵਿਕੀਪੀਡੀਆ" : 4,
    "ਵਿਕੀਪੀਡੀਆ ਗੱਲ-ਬਾਤ" : 5,
    "ਵਿਕੀਪੀਡੀਆ ਚਰਚਾ" : 5
  }
}