{
  "mainpage" : "WIKIPEDIA:HAUBDSAID",
  "namespace" : {
    "" : 0,
    "BABBLE" : 1,
    "BENUDZER" : 2,
    "BENUDZER DISCHBEDIERE" : 3,
    "BENUTZER" : 2,
    "BENUTZER DISKUSSION" : 3,
    "BILD" : 6,
    "BILD DISKUSSION" : 7,
    "BUCH" : 102,
    "BUCH DISCHBEDIERE" : 103,
    "CATEGORY" : 14,
    "CATEGORY TALK" : 15,
    "DADAI" : 6,
    "DADAI DISCHBEDIERE" : 7,
    "DATEI" : 6,
    "DATEI DISKUSSION" : 7,
    "DISKUSSION" : 1,
    "FILE" : 6,
    "FILE TALK" : 7,
    "GADGET" : 2300,
    "GADGET DEFINITION" : 2302,
    "GADGET DEFINITION TALK" : 2303,
    "GADGET DISKUSSION" : 2301,
    "GADGET TALK" : 2301,
    "GADGET-DEFINITION" : 2302,
    "GADGET-DEFINITION DISKUSSION" : 2303,
    "HELP" : 12,
    "HELP TALK" : 13,
    "HILF" : 12,
    "HILF DISCHBEDIERE" : 13,
    "HILFE" : 12,
    "HILFE DISKUSSION" : 13,
    "IMAGE" : 6,
    "IMAGE TALK" : 7,
    "KADEGORIE" : 14,
    "KADEGORIE DISCHBEDIERE" : 15,
    "KATEGORIE" : 14,
    "KATEGORIE DISKUSSION" : 15,
    "MEDIA" : -2,
    "MEDIAWIKI" : 8,
    "MEDIAWIKI DISCHBEDIERE" : 9,
    "MEDIAWIKI DISKUSSION" : 9,
    "MEDIAWIKI TALK" : 9,
    "MEDIUM" : -2,
    "MIDDAWAIDA" : 2,
    "MIDDAWAIDA DISCHBEDIERE" : 3,
    "MODUL" : 828,
    "MODUL DISKUSSION" : 829,
    "MODULE" : 828,
    "MODULE TALK" : 829,
    "PORTAL" : 100,
    "PORTAL DISKUSSION" : 101,
    "PROJECT" : 4,
    "PROJECT TALK" : 5,
    "SACHGRUBB" : 14,
    "SACHGRUBB DISCHBEDIERE" : 15,
    "SCHBEZIAL" : -1,
    "SPECIAL" : -1,
    "SPEZIAL" : -1,
    "SPRUCH" : 108,
    "SPRUCH DISCHBEDIERE" : 109,
    "TALK" : 1,
    "TEMPLATE" : 10,
    "TEMPLATE TALK" : 11,
    "TIMEDTEXT" : 710,
    "TIMEDTEXT TALK" : 711,
    "USER" : 2,
    "USER TALK" : 3,
    "VORLACH" : 10,
    "VORLACH DISCHBEDIERE" : 11,
    "VORLAGE" : 10,
    "VORLAGE DISKUSSION" : 11,
    "WIKIPEDIA" : 4,
    "WIKIPEDIA DISCHBEDIERE" : 5,
    "WIKIPEDIA DISKUSSION" : 5,
    "WIKIPEDIA TALK" : 5,
    "WP" : 4
  }
}