{
  "mainpage" : "پہلا صفہ",
  "namespace" : {
    "" : 0,
    "CATEGORY" : 14,
    "CATEGORY TALK" : 15,
    "FILE" : 6,
    "FILE TALK" : 7,
    "GADGET" : 2300,
    "GADGET DEFINITION" : 2302,
    "GADGET DEFINITION TALK" : 2303,
    "GADGET TALK" : 2301,
    "HELP" : 12,
    "HELP TALK" : 13,
    "IMAGE" : 6,
    "IMAGE TALK" : 7,
    "MEDIA" : -2,
    "MEDIAWIKI" : 8,
    "MEDIAWIKI TALK" : 9,
    "MODULE" : 828,
    "MODULE TALK" : 829,
    "PROJECT" : 4,
    "PROJECT TALK" : 5,
    "SPECIAL" : -1,
    "TALK" : 1,
    "TEMPLATE" : 10,
    "TEMPLATE TALK" : 11,
    "TIMEDTEXT" : 710,
    "TIMEDTEXT TALK" : 711,
    "USER" : 2,
    "USER TALK" : 3,
    "WIKIPEDIA" : 4,
    "WIKIPEDIA TALK" : 5,
    "WP" : 4,
    "آلہ" : 2300,
    "آلہ تعریف" : 2302,
    "آلہ تعریف گل بات" : 2303,
    "آلہ گل بات" : 2301,
    "تصویر" : 6,
    "خاص" : -1,
    "سانچہ" : 10,
    "سانچہ گل بات" : 11,
    "فائل" : 6,
    "فائل گل بات" : 7,
    "گٹھ" : 14,
    "گٹھ گل بات" : 15,
    "گل بات" : 1,
    "ماڈیول" : 828,
    "ماڈیول گل بات" : 829,
    "میڈیا" : -2,
    "میڈیا وکی" : 8,
    "میڈیاوکی گل بات" : 9,
    "ہتھونڈائی" : 12,
    "ہتھونڈائی گل بات" : 13,
    "ورتن گل بات" : 3,
    "ورتنوالا" : 2,
    "وکیپیڈیا" : 4,
    "ویونت گل بات" : 5
  }
}