{
  "mainpage" : "PROTA FRÃNDZÃ",
  "namespace" : {
    "" : 0,
    "AJUTOR" : 12,
    "CATEGORIE" : 14,
    "CATEGORY" : 14,
    "CATEGORY TALK" : 15,
    "DEFINIȚIE GADGET" : 2302,
    "DISCUŢIE" : 1,
    "DISCUȚIE" : 1,
    "DISCUŢIE AJUTOR" : 13,
    "DISCUȚIE AJUTOR" : 13,
    "DISCUŢIE CATEGORIE" : 15,
    "DISCUȚIE CATEGORIE" : 15,
    "DISCUȚIE DEFINIȚIE GADGET" : 2303,
    "DISCUŢIE FIŞIER" : 7,
    "DISCUȚIE FIȘIER" : 7,
    "DISCUŢIE FORMAT" : 11,
    "DISCUȚIE FORMAT" : 11,
    "DISCUȚIE GADGET" : 2301,
    "DISCUŢIE IMAGINE" : 7,
    "DISCUŢIE MEDIAWIKI" : 9,
    "DISCUȚIE MEDIAWIKI" : 9,
    "DISCUȚIE MODUL" : 829,
    "DISCUŢIE UTILIZATOR" : 3,
    "DISCUȚIE UTILIZATOR" : 3,
    "DISCUŢIE WIKIPEDIA" : 5,
    "DISCUȚIE WIKIPEDIA" : 5,
    "FILE" : 6,
    "FILE TALK" : 7,
    "FIŞIER" : 6,
    "FIȘIER" : 6,
    "FORMAT" : 10,
    "GADGET" : 2300,
    "GADGET DEFINITION" : 2302,
    "GADGET DEFINITION TALK" : 2303,
    "GADGET TALK" : 2301,
    "HELP" : 12,
    "HELP TALK" : 13,
    "IMAGE" : 6,
    "IMAGE TALK" : 7,
    "IMAGINE" : 6,
    "MEDIA" : -2,
    "MEDIAWIKI" : 8,
    "MEDIAWIKI TALK" : 9,
    "MODUL" : 828,
    "MODULE" : 828,
    "MODULE TALK" : 829,
    "PROJECT" : 4,
    "PROJECT TALK" : 5,
    "SPECIAL" : -1,
    "TALK" : 1,
    "TEMPLATE" : 10,
    "TEMPLATE TALK" : 11,
    "TIMEDTEXT" : 710,
    "TIMEDTEXT TALK" : 711,
    "USER" : 2,
    "USER TALK" : 3,
    "UTILIZATOR" : 2,
    "WIKIPEDIA" : 4,
    "WIKIPEDIA TALK" : 5,
    "WP" : 4
  }
}