{
  "mainpage" : "मुख्यपृष्ठम्",
  "namespace" : {
    "" : 0,
    "CATEGORY" : 14,
    "CATEGORY TALK" : 15,
    "FILE" : 6,
    "FILE TALK" : 7,
    "GADGET" : 2300,
    "GADGET DEFINITION" : 2302,
    "GADGET DEFINITION TALK" : 2303,
    "GADGET TALK" : 2301,
    "HELP" : 12,
    "HELP TALK" : 13,
    "IMAGE" : 6,
    "IMAGE TALK" : 7,
    "MEDIA" : -2,
    "MEDIAWIKI" : 8,
    "MEDIAWIKI TALK" : 9,
    "MODULE" : 828,
    "MODULE TALK" : 829,
    "PROJECT" : 4,
    "PROJECT TALK" : 5,
    "SPECIAL" : -1,
    "TALK" : 1,
    "TEMPLATE" : 10,
    "TEMPLATE TALK" : 11,
    "TIMEDTEXT" : 710,
    "TIMEDTEXT TALK" : 711,
    "USER" : 2,
    "USER TALK" : 3,
    "WIKIPEDIA" : 4,
    "WIKIPEDIA TALK" : 5,
    "WP" : 4,
    "WT" : 5,
    "उपकारः" : 12,
    "उपकारसंभाषणं" : 13,
    "गैजेट" : 2300,
    "गैजेट परिभाषा" : 2302,
    "गैजेट परिभाषा वार्ता" : 2303,
    "गैजेट वार्ता" : 2301,
    "चित्रं" : 6,
    "चित्रम्" : 6,
    "चित्रसंभाषणं" : 7,
    "चित्रसम्भाषणम्" : 7,
    "पटलम्" : 828,
    "पटलसम्भाषणम्" : 829,
    "प्रवेशद्वारम्" : 100,
    "प्रवेशद्वारसम्भाषणम्" : 101,
    "फलकम्" : 10,
    "फलकसम्भाषणम्" : 11,
    "फलकस्य सम्भाषणम्" : 11,
    "बिंबधर" : 10,
    "बिंबधर संभाषणं" : 11,
    "माध्यम" : -2,
    "माध्यमम्" : -2,
    "मिडियाविकीसंभाषणं" : 9,
    "मिडियाविकीसम्भाषणम्" : 9,
    "मिडीयाविकी" : 8,
    "मीडियाविकि" : 8,
    "मीडियाविकिसम्भाषणम्" : 9,
    "योजकः" : 2,
    "योजकसंभाषणं" : 3,
    "योजकसम्भाषणम्" : 3,
    "वर्गः" : 14,
    "वर्गसंभाषणं" : 15,
    "वर्गसम्भाषणम्" : 15,
    "विकिपीडिया" : 4,
    "विकिपीडियासंभाषणं" : 5,
    "विकिपीडियासम्भाषणम्" : 5,
    "विशेष" : -1,
    "विशेषः" : -1,
    "विशेषम्" : -1,
    "सञ्चिका" : 6,
    "सञ्चिकासम्भाषणम्" : 7,
    "सदस्यः" : 2,
    "सदस्यसम्भाषणम्" : 3,
    "संभाषणं" : 1,
    "सम्भाषणम्" : 1,
    "सहाय्य" : 12,
    "सहाय्यम्" : 12,
    "सहाय्यसंभाषणं" : 13,
    "सहाय्यस्य प्रवेशद्वारम्" : 101,
    "सहाय्यस्य सम्भाषणम्" : 13,
    "साहाय्यम्" : 12,
    "साहाय्यसम्भाषणम्" : 13
  }
}