{
  "mainpage" : "ᱢᱩᱬᱩᱛ ᱥᱟᱦᱴᱟ",
  "namespace" : {
    "" : 0,
    "CATEGORY" : 14,
    "CATEGORY TALK" : 15,
    "FILE" : 6,
    "FILE TALK" : 7,
    "GADGET" : 2300,
    "GADGET DEFINITION" : 2302,
    "GADGET DEFINITION TALK" : 2303,
    "GADGET TALK" : 2301,
    "HELP" : 12,
    "HELP TALK" : 13,
    "IMAGE" : 6,
    "IMAGE TALK" : 7,
    "MEDIA" : -2,
    "MEDIAWIKI" : 8,
    "MEDIAWIKI TALK" : 9,
    "MODULE" : 828,
    "MODULE TALK" : 829,
    "PROJECT" : 4,
    "PROJECT TALK" : 5,
    "SPECIAL" : -1,
    "TALK" : 1,
    "TEMPLATE" : 10,
    "TEMPLATE TALK" : 11,
    "TIMEDTEXT" : 710,
    "TIMEDTEXT TALK" : 711,
    "USER" : 2,
    "USER TALK" : 3,
    "WIKIPEDIA" : 4,
    "WIKIPEDIA TALK" : 5,
    "WP" : 4,
    "ᱛᱷᱚᱠ" : 14,
    "ᱛᱷᱚᱠ ᱜᱟᱞᱢᱟᱨᱟᱣ" : 15,
    "ᱜᱚᱸᱲᱚᱸ" : 12,
    "ᱜᱚᱸᱲᱚᱸ ᱜᱟᱞᱢᱟᱨᱟᱣ" : 13,
    "ᱜᱟᱞᱢᱟᱨᱟᱣ" : 1,
    "ᱟᱥᱚᱠᱟᱭ" : -1,
    "ᱢᱤᱰᱤᱭᱟ" : -2,
    "ᱢᱤᱰᱤᱭᱟᱣᱤᱠᱤ" : 8,
    "ᱢᱤᱰᱤᱭᱟᱣᱤᱠᱤ ᱜᱟᱞᱢᱟᱨᱟᱣ" : 9,
    "ᱢᱳᱰᱩᱞ" : 828,
    "ᱢᱳᱰᱩᱞ ᱜᱟᱞᱢᱟᱨᱟᱣ" : 829,
    "ᱣᱤᱠᱤᱯᱤᱰᱤᱭᱟ" : 4,
    "ᱣᱤᱠᱤᱯᱤᱰᱤᱭᱟ ᱨᱚᱲ" : 5,
    "ᱥᱟᱢᱟᱱᱚᱢ" : 2300,
    "ᱥᱟᱢᱟᱱᱚᱢ ᱜᱟᱞᱢᱟᱨᱟᱣ" : 2301,
    "ᱥᱟᱢᱟᱱᱚᱢ ᱢᱮᱱᱮᱛᱮᱫ" : 2302,
    "ᱥᱟᱢᱟᱱᱚᱢ ᱢᱮᱱᱮᱛᱮᱫ ᱜᱟᱞᱢᱟᱨᱟᱣ" : 2303,
    "ᱨᱮᱫ" : 6,
    "ᱨᱮᱫ ᱜᱟᱞᱢᱟᱨᱟᱣ" : 7,
    "ᱪᱷᱟᱸᱪ" : 10,
    "ᱪᱷᱟᱸᱪ ᱜᱟᱞᱢᱟᱨᱟᱣ" : 11,
    "ᱵᱮᱵᱷᱟᱨᱤᱭᱟᱹ" : 2,
    "ᱵᱮᱵᱷᱟᱨᱤᱭᱟᱹ ᱜᱟᱞᱢᱟᱨᱟᱣ" : 3
  }
}