{
  "mainpage" : "MAIN PAGE",
  "namespace" : {
    "" : 0,
    "CATEGORY" : 14,
    "CATEGORY COLLOGUE" : 15,
    "CATEGORY TALK" : 15,
    "COLLOGUE" : 1,
    "DEFINE" : 102,
    "DEFINE TALK" : 103,
    "FILE" : 6,
    "FILE COLLOGUE" : 7,
    "FILE TALK" : 7,
    "GADGET" : 2300,
    "GADGET DEFINITION" : 2302,
    "GADGET DEFINITION TALK" : 2303,
    "GADGET TALK" : 2301,
    "HELP" : 12,
    "HELP COLLOGUE" : 13,
    "HELP TALK" : 13,
    "IMAGE" : 6,
    "IMAGE TALK" : 7,
    "MEDIA" : -2,
    "MEDIAWIKI" : 8,
    "MEDIAWIKI COLLOGUE" : 9,
    "MEDIAWIKI TALK" : 9,
    "MODULE" : 828,
    "MODULE TALK" : 829,
    "PORTAL" : 100,
    "PORTAL TALK" : 101,
    "PROJECT" : 4,
    "PROJECT TALK" : 5,
    "SPECIAL" : -1,
    "TALK" : 1,
    "TEMPLATE" : 10,
    "TEMPLATE COLLOGUE" : 11,
    "TEMPLATE TALK" : 11,
    "TIMEDTEXT" : 710,
    "TIMEDTEXT TALK" : 711,
    "UISER" : 2,
    "UISER COLLOGUE" : 3,
    "USER" : 2,
    "USER TALK" : 3,
    "WIKIPEDIA" : 4,
    "WIKIPEDIA COLLOGUE" : 5,
    "WIKIPEDIA TALK" : 5,
    "WP" : 4
  }
}