{
  "mainpage" : "پہلا پرت",
  "namespace" : {
    "" : 0,
    "CATEGORY" : 14,
    "CATEGORY TALK" : 15,
    "FILE" : 6,
    "FILE TALK" : 7,
    "GADGET" : 2300,
    "GADGET DEFINITION" : 2302,
    "GADGET DEFINITION TALK" : 2303,
    "GADGET TALK" : 2301,
    "HELP" : 12,
    "HELP TALK" : 13,
    "IMAGE" : 6,
    "IMAGE TALK" : 7,
    "MEDIA" : -2,
    "MEDIAWIKI" : 8,
    "MEDIAWIKI TALK" : 9,
    "MODULE" : 828,
    "MODULE TALK" : 829,
    "PROJECT" : 4,
    "PROJECT TALK" : 5,
    "SPECIAL" : -1,
    "TALK" : 1,
    "TEMPLATE" : 10,
    "TEMPLATE TALK" : 11,
    "TIMEDTEXT" : 710,
    "TIMEDTEXT TALK" : 711,
    "USER" : 2,
    "USER TALK" : 3,
    "WIKIPEDIA" : 4,
    "WIKIPEDIA TALK" : 5,
    "WP" : 4,
    "خاص" : -1,
    "سانچہ" : 10,
    "سانچہ ڳالھ مہاڑ" : 11,
    "فائل" : 6,
    "فائل ڳالھ مہاڑ" : 7,
    "ڳالھ مہاڑ" : 1,
    "ماڈیول" : 828,
    "ماڈیول ڳالھ مہاڑ" : 829,
    "مدد" : 12,
    "مدد ڳالھ مہاڑ" : 13,
    "میڈیا" : -2,
    "میڈیا وکی" : 8,
    "میڈیا وکی ڳالھ مہاڑ" : 9,
    "ورتݨ آلا" : 2,
    "ورتݨ آلے دی ڳالھ مہاڑ" : 3,
    "وکیپیڈیا" : 4,
    "وکیپیڈیا ڳالھ مہاڑ" : 5,
    "ونکی" : 14,
    "ونکی ڳالھ مہاڑ" : 15
  }
}