{
  "mainpage" : "FAQJA KRYESORE",
  "namespace" : {
    "" : 0,
    "CATEGORY" : 14,
    "CATEGORY TALK" : 15,
    "DISKUTIM" : 1,
    "FIGURA" : 6,
    "FIGURA DISKUTIM" : 7,
    "FILE" : 6,
    "FILE TALK" : 7,
    "GADGET" : 2300,
    "GADGET DEFINITION" : 2302,
    "GADGET DEFINITION TALK" : 2303,
    "GADGET TALK" : 2301,
    "HELP" : 12,
    "HELP TALK" : 13,
    "IMAGE" : 6,
    "IMAGE TALK" : 7,
    "KATEGORI" : 14,
    "KATEGORI DISKUTIM" : 15,
    "KATEGORIA" : 14,
    "KATEGORIA DISKUTIM" : 15,
    "MEDIA" : -2,
    "MEDIAWIKI" : 8,
    "MEDIAWIKI DISKUTIM" : 9,
    "MEDIAWIKI TALK" : 9,
    "MODULE" : 828,
    "MODULE TALK" : 829,
    "MODULI" : 828,
    "MODULI DISKUTIM" : 829,
    "NDIHME" : 12,
    "NDIHMË" : 12,
    "NDIHME DISKUTIM" : 13,
    "NDIHMË DISKUTIM" : 13,
    "PERDORUESI" : 2,
    "PËRDORUESI" : 2,
    "PERDORUESI DISKUTIM" : 3,
    "PËRDORUESI DISKUTIM" : 3,
    "PËRDORUESJA" : 2,
    "PËRDORUESJA DISKUTIM" : 3,
    "PORTAL" : 100,
    "PORTAL DISKUTIM" : 101,
    "PROJECT" : 4,
    "PROJECT TALK" : 5,
    "SKEDA" : 6,
    "SKEDA DISKUTIM" : 7,
    "SPECIAL" : -1,
    "SPECIALE" : -1,
    "STAMPA" : 10,
    "STAMPA DISKUTIM" : 11,
    "TALK" : 1,
    "TEMPLATE" : 10,
    "TEMPLATE TALK" : 11,
    "TIMEDTEXT" : 710,
    "TIMEDTEXT TALK" : 711,
    "USER" : 2,
    "USER TALK" : 3,
    "WIKIPEDIA" : 4,
    "WIKIPEDIA DISKUTIM" : 5,
    "WIKIPEDIA TALK" : 5,
    "WP" : 4
  }
}