{
  "mainpage" : "HAUDSIEDE",
  "namespace" : {
    "" : 0,
    "BENUTSER" : 2,
    "BENUTSER DISKUSSION" : 3,
    "BENUTSERSKE" : 2,
    "BENUTSERSKE DISKUSSION" : 3,
    "BIELDE" : 6,
    "BIELDE DISKUSSION" : 7,
    "BILD" : 6,
    "BILD DISKUSSION" : 7,
    "CATEGORY" : 14,
    "CATEGORY TALK" : 15,
    "DISKUSSION" : 1,
    "FILE" : 6,
    "FILE TALK" : 7,
    "FOARLOAGE" : 10,
    "FOARLOAGE DISKUSSION" : 11,
    "GADGET" : 2300,
    "GADGET DEFINITION" : 2302,
    "GADGET DEFINITION TALK" : 2303,
    "GADGET DISKUSSION" : 2301,
    "GADGET TALK" : 2301,
    "GADGET-DEFINITION" : 2302,
    "GADGET-DEFINITION DISKUSSION" : 2303,
    "HÄLPE" : 12,
    "HÄLPE DISKUSSION" : 13,
    "HELP" : 12,
    "HELP TALK" : 13,
    "IMAGE" : 6,
    "IMAGE TALK" : 7,
    "KATEGORIE" : 14,
    "KATEGORIE DISKUSSION" : 15,
    "MEDIA" : -2,
    "MEDIAWIKI" : 8,
    "MEDIAWIKI DISKUSSION" : 9,
    "MEDIAWIKI TALK" : 9,
    "MODUL" : 828,
    "MODUL DISKUSSION" : 829,
    "MODULE" : 828,
    "MODULE TALK" : 829,
    "PROJECT" : 4,
    "PROJECT TALK" : 5,
    "SPECIAL" : -1,
    "SPEZIAL" : -1,
    "TALK" : 1,
    "TEMPLATE" : 10,
    "TEMPLATE TALK" : 11,
    "TIMEDTEXT" : 710,
    "TIMEDTEXT TALK" : 711,
    "USER" : 2,
    "USER TALK" : 3,
    "WIKIPEDIA" : 4,
    "WIKIPEDIA DISKUSSION" : 5,
    "WIKIPEDIA TALK" : 5,
    "WP" : 4
  }
}