{
  "mainpage" : "MWANZO",
  "namespace" : {
    "" : 0,
    "CATEGORY" : 14,
    "CATEGORY TALK" : 15,
    "FAILI" : 6,
    "FILE" : 6,
    "FILE TALK" : 7,
    "GADGET" : 2300,
    "GADGET DEFINITION" : 2302,
    "GADGET DEFINITION TALK" : 2303,
    "GADGET TALK" : 2301,
    "HELP" : 12,
    "HELP TALK" : 13,
    "IMAGE" : 6,
    "IMAGE TALK" : 7,
    "JAMII" : 14,
    "JAMII MAJADILIANO" : 15,
    "KIGEZO" : 10,
    "KIGEZO MAJADILIANO" : 11,
    "LANGO" : 100,
    "MAALUM" : -1,
    "MAJADILIANO" : 1,
    "MAJADILIANO FAILI" : 7,
    "MAJADILIANO YA FAILI" : 7,
    "MAJADILIANO YA JAMII" : 15,
    "MAJADILIANO YA KIGEZO" : 11,
    "MAJADILIANO YA LANGO" : 101,
    "MAJADILIANO YA MEDIAWIKI" : 9,
    "MAJADILIANO YA MSAADA" : 13,
    "MAJADILIANO YA MTUMIAJI" : 3,
    "MAJADILIANO YA WIKICHANZO" : 103,
    "MAJADILIANO YA WIKIPEDIA" : 5,
    "MEDIA" : -2,
    "MEDIAWIKI" : 8,
    "MEDIAWIKI MAJADILIANO" : 9,
    "MEDIAWIKI TALK" : 9,
    "MODULE" : 828,
    "MODULE TALK" : 829,
    "MSAADA" : 12,
    "MSAADA MAJADILIANO" : 13,
    "MTUMIAJI" : 2,
    "PICHA" : 6,
    "PORTAL" : 100,
    "PORTAL TALK" : 101,
    "PROJECT" : 4,
    "PROJECT TALK" : 5,
    "SPECIAL" : -1,
    "TALK" : 1,
    "TEMPLATE" : 10,
    "TEMPLATE TALK" : 11,
    "TIMEDTEXT" : 710,
    "TIMEDTEXT TALK" : 711,
    "USER" : 2,
    "USER TALK" : 3,
    "WIKICHANZO" : 102,
    "WIKIPEDIA" : 4,
    "WIKIPEDIA MAJADILIANO" : 5,
    "WIKIPEDIA TALK" : 5,
    "WP" : 4
  }
}