{
  "mainpage" : "మొదటి పేజీ",
  "namespace" : {
    "" : 0,
    "CATEGORY" : 14,
    "CATEGORY TALK" : 15,
    "FILE" : 6,
    "FILE TALK" : 7,
    "GADGET" : 2300,
    "GADGET DEFINITION" : 2302,
    "GADGET DEFINITION TALK" : 2303,
    "GADGET TALK" : 2301,
    "HELP" : 12,
    "HELP TALK" : 13,
    "IMAGE" : 6,
    "IMAGE TALK" : 7,
    "MEDIA" : -2,
    "MEDIAWIKI" : 8,
    "MEDIAWIKI TALK" : 9,
    "MODULE" : 828,
    "MODULE TALK" : 829,
    "PROJECT" : 4,
    "PROJECT TALK" : 5,
    "SPECIAL" : -1,
    "TALK" : 1,
    "TEMPLATE" : 10,
    "TEMPLATE TALK" : 11,
    "TIMEDTEXT" : 710,
    "TIMEDTEXT TALK" : 711,
    "TOPIC" : 2600,
    "USER" : 2,
    "USER TALK" : 3,
    "WIKIPEDIA" : 4,
    "WIKIPEDIA TALK" : 5,
    "WP" : 4,
    "చర్చ" : 1,
    "దస్త్రం" : 6,
    "దస్త్రంపై చర్చ" : 7,
    "ప్రత్యేక" : -1,
    "ఫైలు" : 6,
    "ఫైలుపై చర్చ" : 7,
    "బొమ్మ" : 6,
    "బొమ్మపై చర్చ" : 7,
    "మాడ్యూల్" : 828,
    "మాడ్యూల్ చర్చ" : 829,
    "మీడియా" : -2,
    "మీడియావికీ" : 8,
    "మీడియావికీ చర్చ" : 9,
    "మూస" : 10,
    "మూస చర్చ" : 11,
    "వర్గం" : 14,
    "వర్గం చర్చ" : 15,
    "వాడుకరి" : 2,
    "వాడుకరి చర్చ" : 3,
    "వికీపీడియా" : 4,
    "వికీపీడియా చర్చ" : 5,
    "వేదిక" : 100,
    "వేదిక చర్చ" : 101,
    "సభ్యుడు" : 2,
    "సభ్యునిపై చర్చ" : 3,
    "సభ్యులపై చర్చ" : 3,
    "సభ్యులు" : 2,
    "సహాయం" : 12,
    "సహాయం చర్చ" : 13,
    "సహాయము" : 12,
    "సహాయము చర్చ" : 13
  }
}