{
  "mainpage" : "PÁJINA MAHULUK",
  "namespace" : {
    "" : 0,
    "AJUDA" : 12,
    "ARQUIVO" : 6,
    "ARQUIVO DISCUSSÃO" : 7,
    "CATEGORY" : 14,
    "CATEGORY TALK" : 15,
    "DISKUSAUN" : 1,
    "DISKUSAUN AJUDA" : 13,
    "DISKUSAUN IMAJEN" : 7,
    "DISKUSAUN KATEGORIA" : 15,
    "DISKUSAUN KATEGORÍA" : 15,
    "DISKUSAUN MEDIAWIKI" : 9,
    "DISKUSAUN TEMPLATE" : 11,
    "DISKUSAUN UZA-NA'IN" : 3,
    "DISKUSAUN WIKIPEDIA" : 5,
    "ESPESIÁL" : -1,
    "FILE" : 6,
    "FILE TALK" : 7,
    "GADGET" : 2300,
    "GADGET DEFINITION" : 2302,
    "GADGET DEFINITION TALK" : 2303,
    "GADGET TALK" : 2301,
    "HELP" : 12,
    "HELP TALK" : 13,
    "IMAGE" : 6,
    "IMAGE TALK" : 7,
    "IMAGEM" : 6,
    "IMAGEM DISCUSSÃO" : 7,
    "IMAJEN" : 6,
    "KATEGORIA" : 14,
    "KATEGORÍA" : 14,
    "MEDIA" : -2,
    "MEDIAWIKI" : 8,
    "MEDIAWIKI TALK" : 9,
    "MODULE" : 828,
    "MODULE TALK" : 829,
    "MÓDULO" : 828,
    "MÓDULO DISCUSSÃO" : 829,
    "PROJECT" : 4,
    "PROJECT TALK" : 5,
    "SPECIAL" : -1,
    "TALK" : 1,
    "TEMPLATE" : 10,
    "TEMPLATE TALK" : 11,
    "TIMEDTEXT" : 710,
    "TIMEDTEXT TALK" : 711,
    "USER" : 2,
    "USER TALK" : 3,
    "USUÁRIO" : 2,
    "USUÁRIO DISCUSSÃO" : 3,
    "UTILIZADOR" : 2,
    "UTILIZADOR DISCUSSÃO" : 3,
    "UTILIZADORA" : 2,
    "UTILIZADORA DISCUSSÃO" : 3,
    "UZA-NA'IN" : 2,
    "WIKIPEDIA" : 4,
    "WIKIPEDIA TALK" : 5,
    "WP" : 4
  }
}