{
  "mainpage" : "หน้าหลัก",
  "namespace" : {
    "" : 0,
    "CATEGORY" : 14,
    "CATEGORY TALK" : 15,
    "FILE" : 6,
    "FILE TALK" : 7,
    "GADGET" : 2300,
    "GADGET DEFINITION" : 2302,
    "GADGET DEFINITION TALK" : 2303,
    "GADGET TALK" : 2301,
    "H" : 12,
    "HELP" : 12,
    "HELP TALK" : 13,
    "IMAGE" : 6,
    "IMAGE TALK" : 7,
    "MEDIA" : -2,
    "MEDIAWIKI" : 8,
    "MEDIAWIKI TALK" : 9,
    "MODULE" : 828,
    "MODULE TALK" : 829,
    "PROJECT" : 4,
    "PROJECT TALK" : 5,
    "SPECIAL" : -1,
    "TALK" : 1,
    "TEMPLATE" : 10,
    "TEMPLATE TALK" : 11,
    "TIMEDTEXT" : 710,
    "TIMEDTEXT TALK" : 711,
    "USER" : 2,
    "USER TALK" : 3,
    "WIKIPEDIA" : 4,
    "WIKIPEDIA TALK" : 5,
    "WP" : 4,
    "คุยกับผู้ใช้" : 3,
    "คุยเรื่องฉบับร่าง" : 119,
    "คุยเรื่องไฟล์" : 7,
    "คุยเรื่องภาพ" : 7,
    "คุยเรื่องมอดูล" : 829,
    "คุยเรื่องมีเดียวิกิ" : 9,
    "คุยเรื่องแม่แบบ" : 11,
    "คุยเรื่องวิกิพีเดีย" : 5,
    "คุยเรื่องวิธีใช้" : 13,
    "คุยเรื่องสถานีย่อย" : 101,
    "คุยเรื่องหนังสือ" : 109,
    "คุยเรื่องหมวดหมู่" : 15,
    "ฉบับร่าง" : 118,
    "ผู้ใช้" : 2,
    "พิเศษ" : -1,
    "พูดคุย" : 1,
    "ไฟล์" : 6,
    "ภาพ" : 6,
    "มอดูล" : 828,
    "มีเดียวิกิ" : 8,
    "แม่แบบ" : 10,
    "วิกิพีเดีย" : 4,
    "วิธีใช้" : 12,
    "สถานีย่อย" : 100,
    "สื่อ" : -2,
    "หนังสือ" : 108,
    "หมวดหมู่" : 14
  }
}