{
  "mainpage" : "መበገሲ ገጽ",
  "namespace" : {
    "" : 0,
    "CATEGORY" : 14,
    "CATEGORY TALK" : 15,
    "FILE" : 6,
    "FILE TALK" : 7,
    "GADGET" : 2300,
    "GADGET DEFINITION" : 2302,
    "GADGET DEFINITION TALK" : 2303,
    "GADGET TALK" : 2301,
    "HELP" : 12,
    "HELP TALK" : 13,
    "IMAGE" : 6,
    "IMAGE TALK" : 7,
    "MEDIA" : -2,
    "MEDIAWIKI" : 8,
    "MEDIAWIKI TALK" : 9,
    "MODULE" : 828,
    "MODULE TALK" : 829,
    "PROJECT" : 4,
    "PROJECT TALK" : 5,
    "SPECIAL" : -1,
    "TALK" : 1,
    "TEMPLATE" : 10,
    "TEMPLATE TALK" : 11,
    "TIMEDTEXT" : 710,
    "TIMEDTEXT TALK" : 711,
    "USER" : 2,
    "USER TALK" : 3,
    "WIKIPEDIA" : 4,
    "WIKIPEDIA TALK" : 5,
    "WP" : 4,
    "ሓገዝ" : 12,
    "ሓገዝ ምይይጥ" : 13,
    "መሳርሒ" : 2300,
    "መብርሂ መሳርሒ" : 2302,
    "መደብ" : 14,
    "መደብ ምይይጥ" : 15,
    "ማዕጾ" : 100,
    "ማዕጾ ምይይጥ" : 101,
    "ሜዲያዊኪ" : 8,
    "ሜዲያዊኪ ምይይጥ" : 9,
    "ሜድያ" : -2,
    "ሜድያዊኪ" : 8,
    "ምይይጥ" : 1,
    "ምይይጥ ሓገዝ" : 13,
    "ምይይጥ መሳርሒ" : 2301,
    "ምይይጥ መብርሂ መሳርሒ" : 2303,
    "ምይይጥ መደብ" : 15,
    "ምይይጥ ማዕጾ" : 101,
    "ምይይጥ ሜድያዊኪ" : 9,
    "ምይይጥ ሞደል" : 11,
    "ምይይጥ ሞድዩል" : 829,
    "ምይይጥ ተጠቃሚ" : 3,
    "ምይይጥ ተጠቃሚት" : 3,
    "ምይይጥ ዊኪፐድያ" : 5,
    "ምይይጥ ፋይል" : 7,
    "ሞደል" : 10,
    "ሞደል ምይይጥ" : 11,
    "ሞድዩል" : 828,
    "ተጠቃሚ" : 2,
    "ተጠቃሚ ምይይጥ" : 3,
    "ተጠቃሚት" : 2,
    "ዊኪፐድያ" : 4,
    "ዊኪፔዲያ" : 4,
    "ዊኪፔዲያ ምይይጥ" : 5,
    "ፋይል" : 6,
    "ፋይል ምይይጥ" : 7,
    "ፍሉይ" : -1
  }
}