{
  "mainpage" : "FRAN PES",
  "namespace" : {
    "" : 0,
    "CATEGORY" : 14,
    "CATEGORY TALK" : 15,
    "FAIL" : 6,
    "FILE" : 6,
    "FILE TALK" : 7,
    "GADGET" : 2300,
    "GADGET DEFINITION" : 2302,
    "GADGET DEFINITION TALK" : 2303,
    "GADGET TALK" : 2301,
    "GRUP" : 14,
    "HALIVIM" : 12,
    "HELP" : 12,
    "HELP TALK" : 13,
    "IMAGE" : 6,
    "IMAGE TALK" : 7,
    "MEDIA" : -2,
    "MEDIAWIKI" : 8,
    "MEDIAWIKI TALK" : 9,
    "MODULE" : 828,
    "MODULE TALK" : 829,
    "PROJECT" : 4,
    "PROJECT TALK" : 5,
    "SIPESOL" : -1,
    "SPECIAL" : -1,
    "TALK" : 1,
    "TEMPLATE" : 10,
    "TEMPLATE TALK" : 11,
    "TEMPLET" : 10,
    "TIMEDTEXT" : 710,
    "TIMEDTEXT TALK" : 711,
    "TOKTOK" : 1,
    "TOKTOK BILONG FAIL" : 7,
    "TOKTOK BILONG GRUP" : 15,
    "TOKTOK BILONG HALIVIM" : 13,
    "TOKTOK BILONG MEDIAWIKI" : 9,
    "TOKTOK BILONG TEMPLET" : 11,
    "TOKTOK BILONG YUSA" : 3,
    "USER" : 2,
    "USER TALK" : 3,
    "WIKIPEDIA" : 4,
    "WIKIPEDIA TALK" : 5,
    "WIKIPEDIA TOKTOK" : 5,
    "WP" : 4,
    "YUSA" : 2
  }
}