{
  "mainpage" : "ГОЛОВНА СТОРІНКА",
  "namespace" : {
    "" : 0,
    "CATEGORY" : 14,
    "CATEGORY TALK" : 15,
    "EDUCATION PROGRAM" : 446,
    "EDUCATION PROGRAM TALK" : 447,
    "FILE" : 6,
    "FILE TALK" : 7,
    "GADGET" : 2300,
    "GADGET DEFINITION" : 2302,
    "GADGET DEFINITION TALK" : 2303,
    "GADGET TALK" : 2301,
    "HELP" : 12,
    "HELP TALK" : 13,
    "IMAGE" : 6,
    "IMAGE TALK" : 7,
    "MEDIA" : -2,
    "MEDIAWIKI" : 8,
    "MEDIAWIKI TALK" : 9,
    "MODULE" : 828,
    "MODULE TALK" : 829,
    "PROJECT" : 4,
    "PROJECT TALK" : 5,
    "SPECIAL" : -1,
    "TALK" : 1,
    "TEMPLATE" : 10,
    "TEMPLATE TALK" : 11,
    "TIMEDTEXT" : 710,
    "TIMEDTEXT TALK" : 711,
    "USER" : 2,
    "USER TALK" : 3,
    "WIKIPEDIA" : 4,
    "WIKIPEDIA TALK" : 5,
    "WP" : 4,
    "ВІКІПЕДІЯ" : 4,
    "ВП" : 4,
    "ДОВІДКА" : 12,
    "ЗОБРАЖЕННЯ" : 6,
    "ИЗОБРАЖЕНИЕ" : 6,
    "КАТЕГОРИЯ" : 14,
    "КАТЕГОРІЯ" : 14,
    "КОРИСТУВАЧ" : 2,
    "КОРИСТУВАЧКА" : 2,
    "МЕДИА" : -2,
    "МЕДІА" : -2,
    "МОДУЛЬ" : 828,
    "ОБГОВОРЕННЯ" : 1,
    "ОБГОВОРЕННЯ MEDIAWIKI" : 9,
    "ОБГОВОРЕННЯ ВІКІПЕДІЇ" : 5,
    "ОБГОВОРЕННЯ ДОВІДКИ" : 13,
    "ОБГОВОРЕННЯ ЗОБРАЖЕННЯ" : 7,
    "ОБГОВОРЕННЯ КАТЕГОРІЇ" : 15,
    "ОБГОВОРЕННЯ КОРИСТУВАЧА" : 3,
    "ОБГОВОРЕННЯ КОРИСТУВАЧКИ" : 3,
    "ОБГОВОРЕННЯ МОДУЛЯ" : 829,
    "ОБГОВОРЕННЯ ПОРТАЛУ" : 101,
    "ОБГОВОРЕННЯ ФАЙЛУ" : 7,
    "ОБГОВОРЕННЯ ШАБЛОНА" : 11,
    "ОБГОВОРЕННЯ ШАБЛОНУ" : 11,
    "ОБСУЖДЕНИЕ" : 1,
    "ОБСУЖДЕНИЕ MEDIAWIKI" : 9,
    "ОБСУЖДЕНИЕ ИЗОБРАЖЕНИЯ" : 7,
    "ОБСУЖДЕНИЕ КАТЕГОРИИ" : 15,
    "ОБСУЖДЕНИЕ СПРАВКИ" : 13,
    "ОБСУЖДЕНИЕ УЧАСТНИКА" : 3,
    "ОБСУЖДЕНИЕ ФАЙЛА" : 7,
    "ОБСУЖДЕНИЕ ШАБЛОНА" : 11,
    "ПОРТАЛ" : 100,
    "СЛУЖЕБНАЯ" : -1,
    "СПЕЦІАЛЬНА" : -1,
    "СПЕЦІАЛЬНІ" : -1,
    "СПРАВКА" : 12,
    "УЧАСТНИК" : 2,
    "ФАЙЛ" : 6,
    "ШАБЛОН" : 10
  }
}