{
  "mainpage" : "صفحۂ اول",
  "namespace" : {
    "" : 0,
    "CATEGORY" : 14,
    "CATEGORY TALK" : 15,
    "DRAFT" : 118,
    "DRAFT TALK" : 119,
    "FILE" : 6,
    "FILE TALK" : 7,
    "GADGET" : 2300,
    "GADGET DEFINITION" : 2302,
    "GADGET DEFINITION TALK" : 2303,
    "GADGET TALK" : 2301,
    "HELP" : 12,
    "HELP TALK" : 13,
    "IMAGE" : 6,
    "IMAGE TALK" : 7,
    "MEDIA" : -2,
    "MEDIAWIKI" : 8,
    "MEDIAWIKI TALK" : 9,
    "MODULE" : 828,
    "MODULE TALK" : 829,
    "PORTAL" : 100,
    "PORTAL TALK" : 101,
    "PROJECT" : 4,
    "PROJECT TALK" : 5,
    "SPECIAL" : -1,
    "TALK" : 1,
    "TEMPLATE" : 10,
    "TEMPLATE TALK" : 11,
    "TIMEDTEXT" : 710,
    "TIMEDTEXT TALK" : 711,
    "TOPIC" : 2600,
    "USER" : 2,
    "USER TALK" : 3,
    "WIKIPEDIA" : 4,
    "WIKIPEDIA TALK" : 5,
    "WP" : 4,
    "آلہ" : 2300,
    "باب" : 100,
    "تبادلۂ خیال" : 1,
    "تبادلۂ خیال آلہ" : 2301,
    "تبادلۂ خیال باب" : 101,
    "تبادلۂ خیال تصویر" : 7,
    "تبادلۂ خیال تعریف آلہ" : 2303,
    "تبادلۂ خیال زمرہ" : 15,
    "تبادلۂ خیال سانچہ" : 11,
    "تبادلۂ خیال صارف" : 3,
    "تبادلۂ خیال فائل" : 7,
    "تبادلۂ خیال کتاب" : 103,
    "تبادلۂ خیال ماڈیول" : 829,
    "تبادلۂ خیال مسودہ" : 119,
    "تبادلۂ خیال معاونت" : 13,
    "تبادلۂ خیال ملف" : 7,
    "تبادلۂ خیال میڈیاوکی" : 9,
    "تبادلۂ خیال میڈیاویکی" : 9,
    "تبادلۂ خیال ویکیپیڈیا" : 5,
    "تصویر" : 6,
    "تعریف آلہ" : 2302,
    "خاص" : -1,
    "زریعہ" : -2,
    "زمرہ" : 14,
    "سانچہ" : 10,
    "صارف" : 2,
    "فائل" : 6,
    "کتاب" : 102,
    "ماڈیول" : 828,
    "مسودہ" : 118,
    "معاونت" : 12,
    "ملف" : 6,
    "موضوع" : 2600,
    "میڈیا" : -2,
    "میڈیاوکی" : 8,
    "میڈیاویکی" : 8,
    "وپ" : 4,
    "وسیط" : -2,
    "ویکیپیڈیا" : 4,
    "ویکیپیڈیا تبادلۂ خیال" : 5
  }
}