{
  "mainpage" : "頭版",
  "namespace" : {
    "" : 0,
    "$1 傾偈" : 5,
    "CATEGORY" : 14,
    "CATEGORY TALK" : 15,
    "FILE" : 6,
    "FILE TALK" : 7,
    "GADGET" : 2300,
    "GADGET DEFINITION" : 2302,
    "GADGET DEFINITION TALK" : 2303,
    "GADGET TALK" : 2301,
    "H" : 12,
    "HELP" : 12,
    "HELP TALK" : 13,
    "IMAGE" : 6,
    "IMAGE TALK" : 7,
    "MEDIA" : -2,
    "MEDIAWIKI" : 8,
    "MEDIAWIKI TALK" : 9,
    "MEDIAWIKI 傾偈" : 9,
    "MODULE" : 828,
    "MODULE TALK" : 829,
    "P" : 100,
    "PORTAL" : 100,
    "PORTAL TALK" : 101,
    "PROJECT" : 4,
    "PROJECT TALK" : 5,
    "SPECIAL" : -1,
    "T" : 10,
    "TALK" : 1,
    "TEMPLATE" : 10,
    "TEMPLATE TALK" : 11,
    "TIMEDTEXT" : 710,
    "TIMEDTEXT TALK" : 711,
    "USER" : 2,
    "USER TALK" : 3,
    "WIKIPEDIA" : 4,
    "WIKIPEDIA TALK" : 5,
    "WIKIPEDIA 傾偈" : 5,
    "WP" : 4,
    "WT" : 5,
    "傾偈" : 1,
    "分类" : 14,
    "分类 讨论" : 15,
    "分類" : 14,
    "分類 討論" : 15,
    "分類傾偈" : 15,
    "图" : 6,
    "图 讨论" : 7,
    "图像" : 6,
    "图像 讨论" : 7,
    "圖" : 6,
    "圖 討論" : 7,
    "圖像" : 6,
    "圖像 討論" : 7,
    "媒体" : -2,
    "媒體" : -2,
    "对话" : 1,
    "對話" : 1,
    "帮助" : 12,
    "帮助 讨论" : 13,
    "帮手" : 12,
    "帮手 讨论" : 13,
    "幫助" : 12,
    "幫助 討論" : 13,
    "幫手" : 12,
    "幫手 討論" : 13,
    "幫手傾偈" : 13,
    "文件" : 6,
    "文件傾偈" : 7,
    "档" : 6,
    "档 讨论" : 7,
    "档案" : 6,
    "档案 讨论" : 7,
    "模" : 10,
    "模 討論" : 11,
    "模 讨论" : 11,
    "模傾偈" : 11,
    "模組" : 828,
    "模組討論" : 829,
    "檔" : 6,
    "檔 討論" : 7,
    "檔案" : 6,
    "檔案 討論" : 7,
    "特別" : -1,
    "特殊" : -1,
    "用戶" : 2,
    "用戶 對話" : 3,
    "用戶 討論" : 3,
    "用戶傾偈" : 3,
    "用户" : 2,
    "用户 对话" : 3,
    "用户 讨论" : 3,
    "类" : 14,
    "类 讨论" : 15,
    "討論" : 1,
    "說明" : 12,
    "說明 討論" : 13,
    "讨论" : 1,
    "说明" : 12,
    "说明 讨论" : 13,
    "類" : 14,
    "類 討論" : 15
  }
}